-- MySQL dump 10.13  Distrib 8.0.30, for Linux (x86_64)
--
-- Host: localhost    Database: foodorderweb
-- ------------------------------------------------------
-- Server version	8.0.30

/*!40101 SET @OLD_CHARACTER_SET_CLIENT=@@CHARACTER_SET_CLIENT */;
/*!40101 SET @OLD_CHARACTER_SET_RESULTS=@@CHARACTER_SET_RESULTS */;
/*!40101 SET @OLD_COLLATION_CONNECTION=@@COLLATION_CONNECTION */;
/*!50503 SET NAMES utf8mb4 */;
/*!40103 SET @OLD_TIME_ZONE=@@TIME_ZONE */;
/*!40103 SET TIME_ZONE='+00:00' */;
/*!40014 SET @OLD_UNIQUE_CHECKS=@@UNIQUE_CHECKS, UNIQUE_CHECKS=0 */;
/*!40014 SET @OLD_FOREIGN_KEY_CHECKS=@@FOREIGN_KEY_CHECKS, FOREIGN_KEY_CHECKS=0 */;
/*!40101 SET @OLD_SQL_MODE=@@SQL_MODE, SQL_MODE='NO_AUTO_VALUE_ON_ZERO' */;
/*!40111 SET @OLD_SQL_NOTES=@@SQL_NOTES, SQL_NOTES=0 */;

--
-- Table structure for table `failed_jobs`
--

DROP TABLE IF EXISTS `failed_jobs`;
/*!40101 SET @saved_cs_client     = @@character_set_client */;
/*!50503 SET character_set_client = utf8mb4 */;
CREATE TABLE `failed_jobs` (
  `id` bigint unsigned NOT NULL AUTO_INCREMENT,
  `uuid` varchar(255) COLLATE utf8mb4_unicode_ci NOT NULL,
  `connection` text COLLATE utf8mb4_unicode_ci NOT NULL,
  `queue` text COLLATE utf8mb4_unicode_ci NOT NULL,
  `payload` longtext COLLATE utf8mb4_unicode_ci NOT NULL,
  `exception` longtext COLLATE utf8mb4_unicode_ci NOT NULL,
  `failed_at` timestamp NOT NULL DEFAULT CURRENT_TIMESTAMP,
  PRIMARY KEY (`id`),
  UNIQUE KEY `failed_jobs_uuid_unique` (`uuid`)
) ENGINE=InnoDB DEFAULT CHARSET=utf8mb4 COLLATE=utf8mb4_unicode_ci;
/*!40101 SET character_set_client = @saved_cs_client */;

--
-- Dumping data for table `failed_jobs`
--

LOCK TABLES `failed_jobs` WRITE;
/*!40000 ALTER TABLE `failed_jobs` DISABLE KEYS */;
/*!40000 ALTER TABLE `failed_jobs` ENABLE KEYS */;
UNLOCK TABLES;

--
-- Table structure for table `migrations`
--

DROP TABLE IF EXISTS `migrations`;
/*!40101 SET @saved_cs_client     = @@character_set_client */;
/*!50503 SET character_set_client = utf8mb4 */;
CREATE TABLE `migrations` (
  `id` int unsigned NOT NULL AUTO_INCREMENT,
  `migration` varchar(255) COLLATE utf8mb4_unicode_ci NOT NULL,
  `batch` int NOT NULL,
  PRIMARY KEY (`id`)
) ENGINE=InnoDB AUTO_INCREMENT=8 DEFAULT CHARSET=utf8mb4 COLLATE=utf8mb4_unicode_ci;
/*!40101 SET character_set_client = @saved_cs_client */;

--
-- Dumping data for table `migrations`
--

LOCK TABLES `migrations` WRITE;
/*!40000 ALTER TABLE `migrations` DISABLE KEYS */;
INSERT INTO `migrations` VALUES (1,'2014_10_12_000000_create_users_table',1),(2,'2014_10_12_100000_create_password_resets_table',1),(3,'2019_08_19_000000_create_failed_jobs_table',1),(4,'2019_12_14_000001_create_personal_access_tokens_table',1),(5,'2022_08_05_122638_create_produk_dagang_table',1),(6,'2022_08_05_122656_create_transaksi_table',1),(7,'2022_08_05_124632_create_permission_tables',1);
/*!40000 ALTER TABLE `migrations` ENABLE KEYS */;
UNLOCK TABLES;

--
-- Table structure for table `model_has_permissions`
--

DROP TABLE IF EXISTS `model_has_permissions`;
/*!40101 SET @saved_cs_client     = @@character_set_client */;
/*!50503 SET character_set_client = utf8mb4 */;
CREATE TABLE `model_has_permissions` (
  `permission_id` bigint unsigned NOT NULL,
  `model_type` varchar(255) COLLATE utf8mb4_unicode_ci NOT NULL,
  `model_id` bigint unsigned NOT NULL,
  PRIMARY KEY (`permission_id`,`model_id`,`model_type`),
  KEY `model_has_permissions_model_id_model_type_index` (`model_id`,`model_type`),
  CONSTRAINT `model_has_permissions_permission_id_foreign` FOREIGN KEY (`permission_id`) REFERENCES `permissions` (`id`) ON DELETE CASCADE
) ENGINE=InnoDB DEFAULT CHARSET=utf8mb4 COLLATE=utf8mb4_unicode_ci;
/*!40101 SET character_set_client = @saved_cs_client */;

--
-- Dumping data for table `model_has_permissions`
--

LOCK TABLES `model_has_permissions` WRITE;
/*!40000 ALTER TABLE `model_has_permissions` DISABLE KEYS */;
/*!40000 ALTER TABLE `model_has_permissions` ENABLE KEYS */;
UNLOCK TABLES;

--
-- Table structure for table `model_has_roles`
--

DROP TABLE IF EXISTS `model_has_roles`;
/*!40101 SET @saved_cs_client     = @@character_set_client */;
/*!50503 SET character_set_client = utf8mb4 */;
CREATE TABLE `model_has_roles` (
  `role_id` bigint unsigned NOT NULL,
  `model_type` varchar(255) COLLATE utf8mb4_unicode_ci NOT NULL,
  `model_id` bigint unsigned NOT NULL,
  PRIMARY KEY (`role_id`,`model_id`,`model_type`),
  KEY `model_has_roles_model_id_model_type_index` (`model_id`,`model_type`),
  CONSTRAINT `model_has_roles_role_id_foreign` FOREIGN KEY (`role_id`) REFERENCES `roles` (`id`) ON DELETE CASCADE
) ENGINE=InnoDB DEFAULT CHARSET=utf8mb4 COLLATE=utf8mb4_unicode_ci;
/*!40101 SET character_set_client = @saved_cs_client */;

--
-- Dumping data for table `model_has_roles`
--

LOCK TABLES `model_has_roles` WRITE;
/*!40000 ALTER TABLE `model_has_roles` DISABLE KEYS */;
INSERT INTO `model_has_roles` VALUES (1,'App\\Models\\User',1),(1,'App\\Models\\User',2),(1,'App\\Models\\User',3),(1,'App\\Models\\User',4),(1,'App\\Models\\User',5),(1,'App\\Models\\User',6),(1,'App\\Models\\User',7),(1,'App\\Models\\User',8),(1,'App\\Models\\User',9),(1,'App\\Models\\User',10),(1,'App\\Models\\User',11),(1,'App\\Models\\User',12),(1,'App\\Models\\User',13),(1,'App\\Models\\User',14),(1,'App\\Models\\User',15),(1,'App\\Models\\User',16),(1,'App\\Models\\User',17),(1,'App\\Models\\User',18),(1,'App\\Models\\User',19),(1,'App\\Models\\User',20),(1,'App\\Models\\User',21),(1,'App\\Models\\User',22),(1,'App\\Models\\User',23),(1,'App\\Models\\User',24),(1,'App\\Models\\User',25),(1,'App\\Models\\User',26),(1,'App\\Models\\User',27),(1,'App\\Models\\User',28),(1,'App\\Models\\User',29),(1,'App\\Models\\User',30),(1,'App\\Models\\User',31),(1,'App\\Models\\User',32),(1,'App\\Models\\User',33),(1,'App\\Models\\User',34),(1,'App\\Models\\User',35),(1,'App\\Models\\User',36),(1,'App\\Models\\User',37),(1,'App\\Models\\User',38),(1,'App\\Models\\User',39),(1,'App\\Models\\User',40),(1,'App\\Models\\User',41),(1,'App\\Models\\User',42),(1,'App\\Models\\User',43),(1,'App\\Models\\User',44),(1,'App\\Models\\User',45),(1,'App\\Models\\User',46),(1,'App\\Models\\User',47),(1,'App\\Models\\User',48),(1,'App\\Models\\User',49),(1,'App\\Models\\User',50),(2,'App\\Models\\User',51),(2,'App\\Models\\User',52),(2,'App\\Models\\User',53),(2,'App\\Models\\User',54),(2,'App\\Models\\User',55),(2,'App\\Models\\User',56),(2,'App\\Models\\User',57),(2,'App\\Models\\User',58),(2,'App\\Models\\User',59),(2,'App\\Models\\User',60),(2,'App\\Models\\User',61),(2,'App\\Models\\User',62),(2,'App\\Models\\User',63),(2,'App\\Models\\User',64),(2,'App\\Models\\User',65),(2,'App\\Models\\User',66),(2,'App\\Models\\User',67),(2,'App\\Models\\User',68),(2,'App\\Models\\User',69),(2,'App\\Models\\User',70),(2,'App\\Models\\User',71),(2,'App\\Models\\User',72),(2,'App\\Models\\User',73),(2,'App\\Models\\User',74),(2,'App\\Models\\User',75),(2,'App\\Models\\User',76),(2,'App\\Models\\User',77),(2,'App\\Models\\User',78),(2,'App\\Models\\User',79),(2,'App\\Models\\User',80),(2,'App\\Models\\User',81),(2,'App\\Models\\User',82),(2,'App\\Models\\User',83),(2,'App\\Models\\User',84),(2,'App\\Models\\User',85),(2,'App\\Models\\User',86),(2,'App\\Models\\User',87),(2,'App\\Models\\User',88),(2,'App\\Models\\User',89),(2,'App\\Models\\User',90),(2,'App\\Models\\User',91),(2,'App\\Models\\User',92),(2,'App\\Models\\User',93),(2,'App\\Models\\User',94),(2,'App\\Models\\User',95),(2,'App\\Models\\User',96),(2,'App\\Models\\User',97),(2,'App\\Models\\User',98),(2,'App\\Models\\User',99),(2,'App\\Models\\User',100);
/*!40000 ALTER TABLE `model_has_roles` ENABLE KEYS */;
UNLOCK TABLES;

--
-- Table structure for table `password_resets`
--

DROP TABLE IF EXISTS `password_resets`;
/*!40101 SET @saved_cs_client     = @@character_set_client */;
/*!50503 SET character_set_client = utf8mb4 */;
CREATE TABLE `password_resets` (
  `email` varchar(255) COLLATE utf8mb4_unicode_ci NOT NULL,
  `token` varchar(255) COLLATE utf8mb4_unicode_ci NOT NULL,
  `created_at` timestamp NULL DEFAULT NULL,
  KEY `password_resets_email_index` (`email`)
) ENGINE=InnoDB DEFAULT CHARSET=utf8mb4 COLLATE=utf8mb4_unicode_ci;
/*!40101 SET character_set_client = @saved_cs_client */;

--
-- Dumping data for table `password_resets`
--

LOCK TABLES `password_resets` WRITE;
/*!40000 ALTER TABLE `password_resets` DISABLE KEYS */;
/*!40000 ALTER TABLE `password_resets` ENABLE KEYS */;
UNLOCK TABLES;

--
-- Table structure for table `permissions`
--

DROP TABLE IF EXISTS `permissions`;
/*!40101 SET @saved_cs_client     = @@character_set_client */;
/*!50503 SET character_set_client = utf8mb4 */;
CREATE TABLE `permissions` (
  `id` bigint unsigned NOT NULL AUTO_INCREMENT,
  `name` varchar(255) COLLATE utf8mb4_unicode_ci NOT NULL,
  `guard_name` varchar(255) COLLATE utf8mb4_unicode_ci NOT NULL,
  `created_at` timestamp NULL DEFAULT NULL,
  `updated_at` timestamp NULL DEFAULT NULL,
  PRIMARY KEY (`id`),
  UNIQUE KEY `permissions_name_guard_name_unique` (`name`,`guard_name`)
) ENGINE=InnoDB DEFAULT CHARSET=utf8mb4 COLLATE=utf8mb4_unicode_ci;
/*!40101 SET character_set_client = @saved_cs_client */;

--
-- Dumping data for table `permissions`
--

LOCK TABLES `permissions` WRITE;
/*!40000 ALTER TABLE `permissions` DISABLE KEYS */;
/*!40000 ALTER TABLE `permissions` ENABLE KEYS */;
UNLOCK TABLES;

--
-- Table structure for table `personal_access_tokens`
--

DROP TABLE IF EXISTS `personal_access_tokens`;
/*!40101 SET @saved_cs_client     = @@character_set_client */;
/*!50503 SET character_set_client = utf8mb4 */;
CREATE TABLE `personal_access_tokens` (
  `id` bigint unsigned NOT NULL AUTO_INCREMENT,
  `tokenable_type` varchar(255) COLLATE utf8mb4_unicode_ci NOT NULL,
  `tokenable_id` bigint unsigned NOT NULL,
  `name` varchar(255) COLLATE utf8mb4_unicode_ci NOT NULL,
  `token` varchar(64) COLLATE utf8mb4_unicode_ci NOT NULL,
  `abilities` text COLLATE utf8mb4_unicode_ci,
  `last_used_at` timestamp NULL DEFAULT NULL,
  `created_at` timestamp NULL DEFAULT NULL,
  `updated_at` timestamp NULL DEFAULT NULL,
  PRIMARY KEY (`id`),
  UNIQUE KEY `personal_access_tokens_token_unique` (`token`),
  KEY `personal_access_tokens_tokenable_type_tokenable_id_index` (`tokenable_type`,`tokenable_id`)
) ENGINE=InnoDB DEFAULT CHARSET=utf8mb4 COLLATE=utf8mb4_unicode_ci;
/*!40101 SET character_set_client = @saved_cs_client */;

--
-- Dumping data for table `personal_access_tokens`
--

LOCK TABLES `personal_access_tokens` WRITE;
/*!40000 ALTER TABLE `personal_access_tokens` DISABLE KEYS */;
/*!40000 ALTER TABLE `personal_access_tokens` ENABLE KEYS */;
UNLOCK TABLES;

--
-- Table structure for table `produk_dagang`
--

DROP TABLE IF EXISTS `produk_dagang`;
/*!40101 SET @saved_cs_client     = @@character_set_client */;
/*!50503 SET character_set_client = utf8mb4 */;
CREATE TABLE `produk_dagang` (
  `id` bigint unsigned NOT NULL AUTO_INCREMENT,
  `nama` varchar(255) COLLATE utf8mb4_unicode_ci NOT NULL,
  `harga` int NOT NULL,
  `deskripsi` varchar(255) COLLATE utf8mb4_unicode_ci NOT NULL,
  `url_foto` varchar(255) COLLATE utf8mb4_unicode_ci NOT NULL,
  `user_id` bigint unsigned NOT NULL,
  `created_at` timestamp NULL DEFAULT NULL,
  `updated_at` timestamp NULL DEFAULT NULL,
  PRIMARY KEY (`id`),
  KEY `produk_dagang_user_id_foreign` (`user_id`),
  CONSTRAINT `produk_dagang_user_id_foreign` FOREIGN KEY (`user_id`) REFERENCES `users` (`id`)
) ENGINE=InnoDB AUTO_INCREMENT=121 DEFAULT CHARSET=utf8mb4 COLLATE=utf8mb4_unicode_ci;
/*!40101 SET character_set_client = @saved_cs_client */;

--
-- Dumping data for table `produk_dagang`
--

LOCK TABLES `produk_dagang` WRITE;
/*!40000 ALTER TABLE `produk_dagang` DISABLE KEYS */;
INSERT INTO `produk_dagang` VALUES (1,'Nasi Goreng',82073,'Lorem ipsum dolor, sit amet consectetur adipisicing elit. Minima tempora quibusdam ipsum exercitationem perferendis alias asperiores maxime excepturi nam dolorum?','https://source.unsplash.com/random/400x200',70,'2022-08-15 05:05:33','2022-08-15 05:05:33'),(2,'Nasi Goreng',15808,'Lorem ipsum dolor, sit amet consectetur adipisicing elit. Minima tempora quibusdam ipsum exercitationem perferendis alias asperiores maxime excepturi nam dolorum?','https://source.unsplash.com/random/400x200',75,'2022-08-15 05:05:33','2022-08-15 05:05:33'),(3,'Nasi Goreng',50308,'Lorem ipsum dolor, sit amet consectetur adipisicing elit. Minima tempora quibusdam ipsum exercitationem perferendis alias asperiores maxime excepturi nam dolorum?','https://source.unsplash.com/random/400x200',87,'2022-08-15 05:05:33','2022-08-15 05:05:33'),(4,'Nasi Goreng',73171,'Lorem ipsum dolor, sit amet consectetur adipisicing elit. Minima tempora quibusdam ipsum exercitationem perferendis alias asperiores maxime excepturi nam dolorum?','https://source.unsplash.com/random/400x200',82,'2022-08-15 05:05:33','2022-08-15 05:05:33'),(5,'Nasi Goreng',90489,'Lorem ipsum dolor, sit amet consectetur adipisicing elit. Minima tempora quibusdam ipsum exercitationem perferendis alias asperiores maxime excepturi nam dolorum?','https://source.unsplash.com/random/400x200',89,'2022-08-15 05:05:34','2022-08-15 05:05:34'),(6,'Nasi Goreng',98133,'Lorem ipsum dolor, sit amet consectetur adipisicing elit. Minima tempora quibusdam ipsum exercitationem perferendis alias asperiores maxime excepturi nam dolorum?','https://source.unsplash.com/random/400x200',98,'2022-08-15 05:05:34','2022-08-15 05:05:34'),(7,'Nasi Goreng',66483,'Lorem ipsum dolor, sit amet consectetur adipisicing elit. Minima tempora quibusdam ipsum exercitationem perferendis alias asperiores maxime excepturi nam dolorum?','https://source.unsplash.com/random/400x200',58,'2022-08-15 05:05:34','2022-08-15 05:05:34'),(8,'Nasi Goreng',13310,'Lorem ipsum dolor, sit amet consectetur adipisicing elit. Minima tempora quibusdam ipsum exercitationem perferendis alias asperiores maxime excepturi nam dolorum?','https://source.unsplash.com/random/400x200',91,'2022-08-15 05:05:34','2022-08-15 05:05:34'),(9,'Nasi Goreng',71434,'Lorem ipsum dolor, sit amet consectetur adipisicing elit. Minima tempora quibusdam ipsum exercitationem perferendis alias asperiores maxime excepturi nam dolorum?','https://source.unsplash.com/random/400x200',97,'2022-08-15 05:05:34','2022-08-15 05:05:34'),(10,'Nasi Goreng',82268,'Lorem ipsum dolor, sit amet consectetur adipisicing elit. Minima tempora quibusdam ipsum exercitationem perferendis alias asperiores maxime excepturi nam dolorum?','https://source.unsplash.com/random/400x200',92,'2022-08-15 05:05:35','2022-08-15 05:05:35'),(11,'Nasi Goreng',33881,'Lorem ipsum dolor, sit amet consectetur adipisicing elit. Minima tempora quibusdam ipsum exercitationem perferendis alias asperiores maxime excepturi nam dolorum?','https://source.unsplash.com/random/400x200',88,'2022-08-15 05:05:35','2022-08-15 05:05:35'),(12,'Nasi Goreng',59264,'Lorem ipsum dolor, sit amet consectetur adipisicing elit. Minima tempora quibusdam ipsum exercitationem perferendis alias asperiores maxime excepturi nam dolorum?','https://source.unsplash.com/random/400x200',78,'2022-08-15 05:05:35','2022-08-15 05:05:35'),(13,'Nasi Goreng',54124,'Lorem ipsum dolor, sit amet consectetur adipisicing elit. Minima tempora quibusdam ipsum exercitationem perferendis alias asperiores maxime excepturi nam dolorum?','https://source.unsplash.com/random/400x200',63,'2022-08-15 05:05:36','2022-08-15 05:05:36'),(14,'Nasi Goreng',10676,'Lorem ipsum dolor, sit amet consectetur adipisicing elit. Minima tempora quibusdam ipsum exercitationem perferendis alias asperiores maxime excepturi nam dolorum?','https://source.unsplash.com/random/400x200',62,'2022-08-15 05:05:36','2022-08-15 05:05:36'),(15,'Nasi Goreng',70405,'Lorem ipsum dolor, sit amet consectetur adipisicing elit. Minima tempora quibusdam ipsum exercitationem perferendis alias asperiores maxime excepturi nam dolorum?','https://source.unsplash.com/random/400x200',60,'2022-08-15 05:05:36','2022-08-15 05:05:36'),(16,'Nasi Goreng',72750,'Lorem ipsum dolor, sit amet consectetur adipisicing elit. Minima tempora quibusdam ipsum exercitationem perferendis alias asperiores maxime excepturi nam dolorum?','https://source.unsplash.com/random/400x200',67,'2022-08-15 05:05:37','2022-08-15 05:05:37'),(17,'Nasi Goreng',75839,'Lorem ipsum dolor, sit amet consectetur adipisicing elit. Minima tempora quibusdam ipsum exercitationem perferendis alias asperiores maxime excepturi nam dolorum?','https://source.unsplash.com/random/400x200',90,'2022-08-15 05:05:37','2022-08-15 05:05:37'),(18,'Nasi Goreng',31356,'Lorem ipsum dolor, sit amet consectetur adipisicing elit. Minima tempora quibusdam ipsum exercitationem perferendis alias asperiores maxime excepturi nam dolorum?','https://source.unsplash.com/random/400x200',76,'2022-08-15 05:05:38','2022-08-15 05:05:38'),(19,'Nasi Goreng',47567,'Lorem ipsum dolor, sit amet consectetur adipisicing elit. Minima tempora quibusdam ipsum exercitationem perferendis alias asperiores maxime excepturi nam dolorum?','https://source.unsplash.com/random/400x200',88,'2022-08-15 05:05:38','2022-08-15 05:05:38'),(20,'Nasi Goreng',53385,'Lorem ipsum dolor, sit amet consectetur adipisicing elit. Minima tempora quibusdam ipsum exercitationem perferendis alias asperiores maxime excepturi nam dolorum?','https://source.unsplash.com/random/400x200',98,'2022-08-15 05:05:38','2022-08-15 05:05:38'),(21,'Es Teh Manis',99224,'Lorem ipsum dolor, sit amet consectetur adipisicing elit. Minima tempora quibusdam ipsum exercitationem perferendis alias asperiores maxime excepturi nam dolorum?','https://source.unsplash.com/random/400x200',52,'2022-08-15 05:05:38','2022-08-15 05:05:38'),(22,'Es Teh Manis',86216,'Lorem ipsum dolor, sit amet consectetur adipisicing elit. Minima tempora quibusdam ipsum exercitationem perferendis alias asperiores maxime excepturi nam dolorum?','https://source.unsplash.com/random/400x200',97,'2022-08-15 05:05:39','2022-08-15 05:05:39'),(23,'Es Teh Manis',46309,'Lorem ipsum dolor, sit amet consectetur adipisicing elit. Minima tempora quibusdam ipsum exercitationem perferendis alias asperiores maxime excepturi nam dolorum?','https://source.unsplash.com/random/400x200',51,'2022-08-15 05:05:39','2022-08-15 05:05:39'),(24,'Es Teh Manis',17051,'Lorem ipsum dolor, sit amet consectetur adipisicing elit. Minima tempora quibusdam ipsum exercitationem perferendis alias asperiores maxime excepturi nam dolorum?','https://source.unsplash.com/random/400x200',65,'2022-08-15 05:05:39','2022-08-15 05:05:39'),(25,'Es Teh Manis',18910,'Lorem ipsum dolor, sit amet consectetur adipisicing elit. Minima tempora quibusdam ipsum exercitationem perferendis alias asperiores maxime excepturi nam dolorum?','https://source.unsplash.com/random/400x200',86,'2022-08-15 05:05:39','2022-08-15 05:05:39'),(26,'Es Teh Manis',33055,'Lorem ipsum dolor, sit amet consectetur adipisicing elit. Minima tempora quibusdam ipsum exercitationem perferendis alias asperiores maxime excepturi nam dolorum?','https://source.unsplash.com/random/400x200',89,'2022-08-15 05:05:39','2022-08-15 05:05:39'),(27,'Es Teh Manis',88951,'Lorem ipsum dolor, sit amet consectetur adipisicing elit. Minima tempora quibusdam ipsum exercitationem perferendis alias asperiores maxime excepturi nam dolorum?','https://source.unsplash.com/random/400x200',99,'2022-08-15 05:05:40','2022-08-15 05:05:40'),(28,'Es Teh Manis',52421,'Lorem ipsum dolor, sit amet consectetur adipisicing elit. Minima tempora quibusdam ipsum exercitationem perferendis alias asperiores maxime excepturi nam dolorum?','https://source.unsplash.com/random/400x200',62,'2022-08-15 05:05:40','2022-08-15 05:05:40'),(29,'Es Teh Manis',93503,'Lorem ipsum dolor, sit amet consectetur adipisicing elit. Minima tempora quibusdam ipsum exercitationem perferendis alias asperiores maxime excepturi nam dolorum?','https://source.unsplash.com/random/400x200',63,'2022-08-15 05:05:40','2022-08-15 05:05:40'),(30,'Es Teh Manis',98819,'Lorem ipsum dolor, sit amet consectetur adipisicing elit. Minima tempora quibusdam ipsum exercitationem perferendis alias asperiores maxime excepturi nam dolorum?','https://source.unsplash.com/random/400x200',52,'2022-08-15 05:05:40','2022-08-15 05:05:40'),(31,'Es Teh Manis',79419,'Lorem ipsum dolor, sit amet consectetur adipisicing elit. Minima tempora quibusdam ipsum exercitationem perferendis alias asperiores maxime excepturi nam dolorum?','https://source.unsplash.com/random/400x200',55,'2022-08-15 05:05:41','2022-08-15 05:05:41'),(32,'Es Teh Manis',10157,'Lorem ipsum dolor, sit amet consectetur adipisicing elit. Minima tempora quibusdam ipsum exercitationem perferendis alias asperiores maxime excepturi nam dolorum?','https://source.unsplash.com/random/400x200',66,'2022-08-15 05:05:41','2022-08-15 05:05:41'),(33,'Es Teh Manis',39167,'Lorem ipsum dolor, sit amet consectetur adipisicing elit. Minima tempora quibusdam ipsum exercitationem perferendis alias asperiores maxime excepturi nam dolorum?','https://source.unsplash.com/random/400x200',62,'2022-08-15 05:05:41','2022-08-15 05:05:41'),(34,'Es Teh Manis',87006,'Lorem ipsum dolor, sit amet consectetur adipisicing elit. Minima tempora quibusdam ipsum exercitationem perferendis alias asperiores maxime excepturi nam dolorum?','https://source.unsplash.com/random/400x200',80,'2022-08-15 05:05:41','2022-08-15 05:05:41'),(35,'Es Teh Manis',32792,'Lorem ipsum dolor, sit amet consectetur adipisicing elit. Minima tempora quibusdam ipsum exercitationem perferendis alias asperiores maxime excepturi nam dolorum?','https://source.unsplash.com/random/400x200',97,'2022-08-15 05:05:42','2022-08-15 05:05:42'),(36,'Es Teh Manis',43910,'Lorem ipsum dolor, sit amet consectetur adipisicing elit. Minima tempora quibusdam ipsum exercitationem perferendis alias asperiores maxime excepturi nam dolorum?','https://source.unsplash.com/random/400x200',58,'2022-08-15 05:05:42','2022-08-15 05:05:42'),(37,'Es Teh Manis',79997,'Lorem ipsum dolor, sit amet consectetur adipisicing elit. Minima tempora quibusdam ipsum exercitationem perferendis alias asperiores maxime excepturi nam dolorum?','https://source.unsplash.com/random/400x200',85,'2022-08-15 05:05:42','2022-08-15 05:05:42'),(38,'Es Teh Manis',73745,'Lorem ipsum dolor, sit amet consectetur adipisicing elit. Minima tempora quibusdam ipsum exercitationem perferendis alias asperiores maxime excepturi nam dolorum?','https://source.unsplash.com/random/400x200',53,'2022-08-15 05:05:42','2022-08-15 05:05:42'),(39,'Es Teh Manis',86218,'Lorem ipsum dolor, sit amet consectetur adipisicing elit. Minima tempora quibusdam ipsum exercitationem perferendis alias asperiores maxime excepturi nam dolorum?','https://source.unsplash.com/random/400x200',65,'2022-08-15 05:05:43','2022-08-15 05:05:43'),(40,'Es Teh Manis',76806,'Lorem ipsum dolor, sit amet consectetur adipisicing elit. Minima tempora quibusdam ipsum exercitationem perferendis alias asperiores maxime excepturi nam dolorum?','https://source.unsplash.com/random/400x200',89,'2022-08-15 05:05:43','2022-08-15 05:05:43'),(41,'Nasi Bakar',30998,'Lorem ipsum dolor, sit amet consectetur adipisicing elit. Minima tempora quibusdam ipsum exercitationem perferendis alias asperiores maxime excepturi nam dolorum?','https://source.unsplash.com/random/400x200',99,'2022-08-15 05:05:43','2022-08-15 05:05:43'),(42,'Nasi Bakar',61078,'Lorem ipsum dolor, sit amet consectetur adipisicing elit. Minima tempora quibusdam ipsum exercitationem perferendis alias asperiores maxime excepturi nam dolorum?','https://source.unsplash.com/random/400x200',100,'2022-08-15 05:05:44','2022-08-15 05:05:44'),(43,'Nasi Bakar',28903,'Lorem ipsum dolor, sit amet consectetur adipisicing elit. Minima tempora quibusdam ipsum exercitationem perferendis alias asperiores maxime excepturi nam dolorum?','https://source.unsplash.com/random/400x200',76,'2022-08-15 05:05:44','2022-08-15 05:05:44'),(44,'Nasi Bakar',46287,'Lorem ipsum dolor, sit amet consectetur adipisicing elit. Minima tempora quibusdam ipsum exercitationem perferendis alias asperiores maxime excepturi nam dolorum?','https://source.unsplash.com/random/400x200',87,'2022-08-15 05:05:44','2022-08-15 05:05:44'),(45,'Nasi Bakar',77284,'Lorem ipsum dolor, sit amet consectetur adipisicing elit. Minima tempora quibusdam ipsum exercitationem perferendis alias asperiores maxime excepturi nam dolorum?','https://source.unsplash.com/random/400x200',88,'2022-08-15 05:05:44','2022-08-15 05:05:44'),(46,'Nasi Bakar',71799,'Lorem ipsum dolor, sit amet consectetur adipisicing elit. Minima tempora quibusdam ipsum exercitationem perferendis alias asperiores maxime excepturi nam dolorum?','https://source.unsplash.com/random/400x200',57,'2022-08-15 05:05:45','2022-08-15 05:05:45'),(47,'Nasi Bakar',75606,'Lorem ipsum dolor, sit amet consectetur adipisicing elit. Minima tempora quibusdam ipsum exercitationem perferendis alias asperiores maxime excepturi nam dolorum?','https://source.unsplash.com/random/400x200',62,'2022-08-15 05:05:45','2022-08-15 05:05:45'),(48,'Nasi Bakar',38066,'Lorem ipsum dolor, sit amet consectetur adipisicing elit. Minima tempora quibusdam ipsum exercitationem perferendis alias asperiores maxime excepturi nam dolorum?','https://source.unsplash.com/random/400x200',88,'2022-08-15 05:05:45','2022-08-15 05:05:45'),(49,'Nasi Bakar',52877,'Lorem ipsum dolor, sit amet consectetur adipisicing elit. Minima tempora quibusdam ipsum exercitationem perferendis alias asperiores maxime excepturi nam dolorum?','https://source.unsplash.com/random/400x200',82,'2022-08-15 05:05:45','2022-08-15 05:05:45'),(50,'Nasi Bakar',27242,'Lorem ipsum dolor, sit amet consectetur adipisicing elit. Minima tempora quibusdam ipsum exercitationem perferendis alias asperiores maxime excepturi nam dolorum?','https://source.unsplash.com/random/400x200',82,'2022-08-15 05:05:45','2022-08-15 05:05:45'),(51,'Nasi Bakar',30875,'Lorem ipsum dolor, sit amet consectetur adipisicing elit. Minima tempora quibusdam ipsum exercitationem perferendis alias asperiores maxime excepturi nam dolorum?','https://source.unsplash.com/random/400x200',58,'2022-08-15 05:05:45','2022-08-15 05:05:45'),(52,'Nasi Bakar',90464,'Lorem ipsum dolor, sit amet consectetur adipisicing elit. Minima tempora quibusdam ipsum exercitationem perferendis alias asperiores maxime excepturi nam dolorum?','https://source.unsplash.com/random/400x200',89,'2022-08-15 05:05:46','2022-08-15 05:05:46'),(53,'Nasi Bakar',86976,'Lorem ipsum dolor, sit amet consectetur adipisicing elit. Minima tempora quibusdam ipsum exercitationem perferendis alias asperiores maxime excepturi nam dolorum?','https://source.unsplash.com/random/400x200',71,'2022-08-15 05:05:46','2022-08-15 05:05:46'),(54,'Nasi Bakar',97020,'Lorem ipsum dolor, sit amet consectetur adipisicing elit. Minima tempora quibusdam ipsum exercitationem perferendis alias asperiores maxime excepturi nam dolorum?','https://source.unsplash.com/random/400x200',95,'2022-08-15 05:05:46','2022-08-15 05:05:46'),(55,'Nasi Bakar',82048,'Lorem ipsum dolor, sit amet consectetur adipisicing elit. Minima tempora quibusdam ipsum exercitationem perferendis alias asperiores maxime excepturi nam dolorum?','https://source.unsplash.com/random/400x200',61,'2022-08-15 05:05:47','2022-08-15 05:05:47'),(56,'Nasi Bakar',36961,'Lorem ipsum dolor, sit amet consectetur adipisicing elit. Minima tempora quibusdam ipsum exercitationem perferendis alias asperiores maxime excepturi nam dolorum?','https://source.unsplash.com/random/400x200',64,'2022-08-15 05:05:47','2022-08-15 05:05:47'),(57,'Nasi Bakar',51083,'Lorem ipsum dolor, sit amet consectetur adipisicing elit. Minima tempora quibusdam ipsum exercitationem perferendis alias asperiores maxime excepturi nam dolorum?','https://source.unsplash.com/random/400x200',84,'2022-08-15 05:05:47','2022-08-15 05:05:47'),(58,'Nasi Bakar',24032,'Lorem ipsum dolor, sit amet consectetur adipisicing elit. Minima tempora quibusdam ipsum exercitationem perferendis alias asperiores maxime excepturi nam dolorum?','https://source.unsplash.com/random/400x200',96,'2022-08-15 05:05:47','2022-08-15 05:05:47'),(59,'Nasi Bakar',40714,'Lorem ipsum dolor, sit amet consectetur adipisicing elit. Minima tempora quibusdam ipsum exercitationem perferendis alias asperiores maxime excepturi nam dolorum?','https://source.unsplash.com/random/400x200',63,'2022-08-15 05:05:47','2022-08-15 05:05:47'),(60,'Nasi Bakar',78677,'Lorem ipsum dolor, sit amet consectetur adipisicing elit. Minima tempora quibusdam ipsum exercitationem perferendis alias asperiores maxime excepturi nam dolorum?','https://source.unsplash.com/random/400x200',63,'2022-08-15 05:05:48','2022-08-15 05:05:48'),(61,'Sate Ayam',88109,'Lorem ipsum dolor, sit amet consectetur adipisicing elit. Minima tempora quibusdam ipsum exercitationem perferendis alias asperiores maxime excepturi nam dolorum?','https://source.unsplash.com/random/400x200',92,'2022-08-15 05:05:48','2022-08-15 05:05:48'),(62,'Sate Ayam',50909,'Lorem ipsum dolor, sit amet consectetur adipisicing elit. Minima tempora quibusdam ipsum exercitationem perferendis alias asperiores maxime excepturi nam dolorum?','https://source.unsplash.com/random/400x200',99,'2022-08-15 05:05:48','2022-08-15 05:05:48'),(63,'Sate Ayam',90975,'Lorem ipsum dolor, sit amet consectetur adipisicing elit. Minima tempora quibusdam ipsum exercitationem perferendis alias asperiores maxime excepturi nam dolorum?','https://source.unsplash.com/random/400x200',66,'2022-08-15 05:05:48','2022-08-15 05:05:48'),(64,'Sate Ayam',65788,'Lorem ipsum dolor, sit amet consectetur adipisicing elit. Minima tempora quibusdam ipsum exercitationem perferendis alias asperiores maxime excepturi nam dolorum?','https://source.unsplash.com/random/400x200',82,'2022-08-15 05:05:48','2022-08-15 05:05:48'),(65,'Sate Ayam',99909,'Lorem ipsum dolor, sit amet consectetur adipisicing elit. Minima tempora quibusdam ipsum exercitationem perferendis alias asperiores maxime excepturi nam dolorum?','https://source.unsplash.com/random/400x200',61,'2022-08-15 05:05:49','2022-08-15 05:05:49'),(66,'Sate Ayam',54480,'Lorem ipsum dolor, sit amet consectetur adipisicing elit. Minima tempora quibusdam ipsum exercitationem perferendis alias asperiores maxime excepturi nam dolorum?','https://source.unsplash.com/random/400x200',56,'2022-08-15 05:05:49','2022-08-15 05:05:49'),(67,'Sate Ayam',39354,'Lorem ipsum dolor, sit amet consectetur adipisicing elit. Minima tempora quibusdam ipsum exercitationem perferendis alias asperiores maxime excepturi nam dolorum?','https://source.unsplash.com/random/400x200',84,'2022-08-15 05:05:49','2022-08-15 05:05:49'),(68,'Sate Ayam',80696,'Lorem ipsum dolor, sit amet consectetur adipisicing elit. Minima tempora quibusdam ipsum exercitationem perferendis alias asperiores maxime excepturi nam dolorum?','https://source.unsplash.com/random/400x200',52,'2022-08-15 05:05:50','2022-08-15 05:05:50'),(69,'Sate Ayam',24119,'Lorem ipsum dolor, sit amet consectetur adipisicing elit. Minima tempora quibusdam ipsum exercitationem perferendis alias asperiores maxime excepturi nam dolorum?','https://source.unsplash.com/random/400x200',56,'2022-08-15 05:05:50','2022-08-15 05:05:50'),(70,'Sate Ayam',60693,'Lorem ipsum dolor, sit amet consectetur adipisicing elit. Minima tempora quibusdam ipsum exercitationem perferendis alias asperiores maxime excepturi nam dolorum?','https://source.unsplash.com/random/400x200',94,'2022-08-15 05:05:50','2022-08-15 05:05:50'),(71,'Sate Ayam',42309,'Lorem ipsum dolor, sit amet consectetur adipisicing elit. Minima tempora quibusdam ipsum exercitationem perferendis alias asperiores maxime excepturi nam dolorum?','https://source.unsplash.com/random/400x200',79,'2022-08-15 05:05:50','2022-08-15 05:05:50'),(72,'Sate Ayam',21479,'Lorem ipsum dolor, sit amet consectetur adipisicing elit. Minima tempora quibusdam ipsum exercitationem perferendis alias asperiores maxime excepturi nam dolorum?','https://source.unsplash.com/random/400x200',71,'2022-08-15 05:05:51','2022-08-15 05:05:51'),(73,'Sate Ayam',12931,'Lorem ipsum dolor, sit amet consectetur adipisicing elit. Minima tempora quibusdam ipsum exercitationem perferendis alias asperiores maxime excepturi nam dolorum?','https://source.unsplash.com/random/400x200',65,'2022-08-15 05:05:51','2022-08-15 05:05:51'),(74,'Sate Ayam',85286,'Lorem ipsum dolor, sit amet consectetur adipisicing elit. Minima tempora quibusdam ipsum exercitationem perferendis alias asperiores maxime excepturi nam dolorum?','https://source.unsplash.com/random/400x200',96,'2022-08-15 05:05:51','2022-08-15 05:05:51'),(75,'Sate Ayam',41976,'Lorem ipsum dolor, sit amet consectetur adipisicing elit. Minima tempora quibusdam ipsum exercitationem perferendis alias asperiores maxime excepturi nam dolorum?','https://source.unsplash.com/random/400x200',91,'2022-08-15 05:05:52','2022-08-15 05:05:52'),(76,'Sate Ayam',64522,'Lorem ipsum dolor, sit amet consectetur adipisicing elit. Minima tempora quibusdam ipsum exercitationem perferendis alias asperiores maxime excepturi nam dolorum?','https://source.unsplash.com/random/400x200',68,'2022-08-15 05:05:52','2022-08-15 05:05:52'),(77,'Sate Ayam',58731,'Lorem ipsum dolor, sit amet consectetur adipisicing elit. Minima tempora quibusdam ipsum exercitationem perferendis alias asperiores maxime excepturi nam dolorum?','https://source.unsplash.com/random/400x200',89,'2022-08-15 05:05:52','2022-08-15 05:05:52'),(78,'Sate Ayam',32298,'Lorem ipsum dolor, sit amet consectetur adipisicing elit. Minima tempora quibusdam ipsum exercitationem perferendis alias asperiores maxime excepturi nam dolorum?','https://source.unsplash.com/random/400x200',81,'2022-08-15 05:05:52','2022-08-15 05:05:52'),(79,'Sate Ayam',78703,'Lorem ipsum dolor, sit amet consectetur adipisicing elit. Minima tempora quibusdam ipsum exercitationem perferendis alias asperiores maxime excepturi nam dolorum?','https://source.unsplash.com/random/400x200',74,'2022-08-15 05:05:53','2022-08-15 05:05:53'),(80,'Sate Ayam',38859,'Lorem ipsum dolor, sit amet consectetur adipisicing elit. Minima tempora quibusdam ipsum exercitationem perferendis alias asperiores maxime excepturi nam dolorum?','https://source.unsplash.com/random/400x200',80,'2022-08-15 05:05:53','2022-08-15 05:05:53'),(81,'Sate Kambing',15620,'Lorem ipsum dolor, sit amet consectetur adipisicing elit. Minima tempora quibusdam ipsum exercitationem perferendis alias asperiores maxime excepturi nam dolorum?','https://source.unsplash.com/random/400x200',87,'2022-08-15 05:05:53','2022-08-15 05:05:53'),(82,'Sate Kambing',45715,'Lorem ipsum dolor, sit amet consectetur adipisicing elit. Minima tempora quibusdam ipsum exercitationem perferendis alias asperiores maxime excepturi nam dolorum?','https://source.unsplash.com/random/400x200',67,'2022-08-15 05:05:53','2022-08-15 05:05:53'),(83,'Sate Kambing',82274,'Lorem ipsum dolor, sit amet consectetur adipisicing elit. Minima tempora quibusdam ipsum exercitationem perferendis alias asperiores maxime excepturi nam dolorum?','https://source.unsplash.com/random/400x200',81,'2022-08-15 05:05:54','2022-08-15 05:05:54'),(84,'Sate Kambing',99276,'Lorem ipsum dolor, sit amet consectetur adipisicing elit. Minima tempora quibusdam ipsum exercitationem perferendis alias asperiores maxime excepturi nam dolorum?','https://source.unsplash.com/random/400x200',92,'2022-08-15 05:05:54','2022-08-15 05:05:54'),(85,'Sate Kambing',91098,'Lorem ipsum dolor, sit amet consectetur adipisicing elit. Minima tempora quibusdam ipsum exercitationem perferendis alias asperiores maxime excepturi nam dolorum?','https://source.unsplash.com/random/400x200',52,'2022-08-15 05:05:54','2022-08-15 05:05:54'),(86,'Sate Kambing',89309,'Lorem ipsum dolor, sit amet consectetur adipisicing elit. Minima tempora quibusdam ipsum exercitationem perferendis alias asperiores maxime excepturi nam dolorum?','https://source.unsplash.com/random/400x200',68,'2022-08-15 05:05:55','2022-08-15 05:05:55'),(87,'Sate Kambing',95747,'Lorem ipsum dolor, sit amet consectetur adipisicing elit. Minima tempora quibusdam ipsum exercitationem perferendis alias asperiores maxime excepturi nam dolorum?','https://source.unsplash.com/random/400x200',66,'2022-08-15 05:05:55','2022-08-15 05:05:55'),(88,'Sate Kambing',50221,'Lorem ipsum dolor, sit amet consectetur adipisicing elit. Minima tempora quibusdam ipsum exercitationem perferendis alias asperiores maxime excepturi nam dolorum?','https://source.unsplash.com/random/400x200',69,'2022-08-15 05:05:55','2022-08-15 05:05:55'),(89,'Sate Kambing',98884,'Lorem ipsum dolor, sit amet consectetur adipisicing elit. Minima tempora quibusdam ipsum exercitationem perferendis alias asperiores maxime excepturi nam dolorum?','https://source.unsplash.com/random/400x200',51,'2022-08-15 05:05:55','2022-08-15 05:05:55'),(90,'Sate Kambing',20174,'Lorem ipsum dolor, sit amet consectetur adipisicing elit. Minima tempora quibusdam ipsum exercitationem perferendis alias asperiores maxime excepturi nam dolorum?','https://source.unsplash.com/random/400x200',85,'2022-08-15 05:05:56','2022-08-15 05:05:56'),(91,'Sate Kambing',19290,'Lorem ipsum dolor, sit amet consectetur adipisicing elit. Minima tempora quibusdam ipsum exercitationem perferendis alias asperiores maxime excepturi nam dolorum?','https://source.unsplash.com/random/400x200',66,'2022-08-15 05:05:56','2022-08-15 05:05:56'),(92,'Sate Kambing',76030,'Lorem ipsum dolor, sit amet consectetur adipisicing elit. Minima tempora quibusdam ipsum exercitationem perferendis alias asperiores maxime excepturi nam dolorum?','https://source.unsplash.com/random/400x200',86,'2022-08-15 05:05:56','2022-08-15 05:05:56'),(93,'Sate Kambing',42295,'Lorem ipsum dolor, sit amet consectetur adipisicing elit. Minima tempora quibusdam ipsum exercitationem perferendis alias asperiores maxime excepturi nam dolorum?','https://source.unsplash.com/random/400x200',60,'2022-08-15 05:05:57','2022-08-15 05:05:57'),(94,'Sate Kambing',98226,'Lorem ipsum dolor, sit amet consectetur adipisicing elit. Minima tempora quibusdam ipsum exercitationem perferendis alias asperiores maxime excepturi nam dolorum?','https://source.unsplash.com/random/400x200',86,'2022-08-15 05:05:57','2022-08-15 05:05:57'),(95,'Sate Kambing',25478,'Lorem ipsum dolor, sit amet consectetur adipisicing elit. Minima tempora quibusdam ipsum exercitationem perferendis alias asperiores maxime excepturi nam dolorum?','https://source.unsplash.com/random/400x200',78,'2022-08-15 05:05:57','2022-08-15 05:05:57'),(96,'Sate Kambing',57963,'Lorem ipsum dolor, sit amet consectetur adipisicing elit. Minima tempora quibusdam ipsum exercitationem perferendis alias asperiores maxime excepturi nam dolorum?','https://source.unsplash.com/random/400x200',97,'2022-08-15 05:05:58','2022-08-15 05:05:58'),(97,'Sate Kambing',24906,'Lorem ipsum dolor, sit amet consectetur adipisicing elit. Minima tempora quibusdam ipsum exercitationem perferendis alias asperiores maxime excepturi nam dolorum?','https://source.unsplash.com/random/400x200',99,'2022-08-15 05:05:58','2022-08-15 05:05:58'),(98,'Sate Kambing',31027,'Lorem ipsum dolor, sit amet consectetur adipisicing elit. Minima tempora quibusdam ipsum exercitationem perferendis alias asperiores maxime excepturi nam dolorum?','https://source.unsplash.com/random/400x200',63,'2022-08-15 05:05:58','2022-08-15 05:05:58'),(99,'Sate Kambing',47769,'Lorem ipsum dolor, sit amet consectetur adipisicing elit. Minima tempora quibusdam ipsum exercitationem perferendis alias asperiores maxime excepturi nam dolorum?','https://source.unsplash.com/random/400x200',77,'2022-08-15 05:05:58','2022-08-15 05:05:58'),(100,'Sate Kambing',23152,'Lorem ipsum dolor, sit amet consectetur adipisicing elit. Minima tempora quibusdam ipsum exercitationem perferendis alias asperiores maxime excepturi nam dolorum?','https://source.unsplash.com/random/400x200',78,'2022-08-15 05:05:58','2022-08-15 05:05:58'),(101,'Bakmie Ayam',94797,'Lorem ipsum dolor, sit amet consectetur adipisicing elit. Minima tempora quibusdam ipsum exercitationem perferendis alias asperiores maxime excepturi nam dolorum?','https://source.unsplash.com/random/400x200',44,'2022-08-15 05:05:59','2022-08-15 05:05:59'),(102,'Bakmie Ayam',70376,'Lorem ipsum dolor, sit amet consectetur adipisicing elit. Minima tempora quibusdam ipsum exercitationem perferendis alias asperiores maxime excepturi nam dolorum?','https://source.unsplash.com/random/400x200',16,'2022-08-15 05:05:59','2022-08-15 05:05:59'),(103,'Bakmie Ayam',66856,'Lorem ipsum dolor, sit amet consectetur adipisicing elit. Minima tempora quibusdam ipsum exercitationem perferendis alias asperiores maxime excepturi nam dolorum?','https://source.unsplash.com/random/400x200',15,'2022-08-15 05:05:59','2022-08-15 05:05:59'),(104,'Bakmie Ayam',13621,'Lorem ipsum dolor, sit amet consectetur adipisicing elit. Minima tempora quibusdam ipsum exercitationem perferendis alias asperiores maxime excepturi nam dolorum?','https://source.unsplash.com/random/400x200',11,'2022-08-15 05:05:59','2022-08-15 05:05:59'),(105,'Bakmie Ayam',97391,'Lorem ipsum dolor, sit amet consectetur adipisicing elit. Minima tempora quibusdam ipsum exercitationem perferendis alias asperiores maxime excepturi nam dolorum?','https://source.unsplash.com/random/400x200',19,'2022-08-15 05:06:00','2022-08-15 05:06:00'),(106,'Bakmie Ayam',69056,'Lorem ipsum dolor, sit amet consectetur adipisicing elit. Minima tempora quibusdam ipsum exercitationem perferendis alias asperiores maxime excepturi nam dolorum?','https://source.unsplash.com/random/400x200',47,'2022-08-15 05:06:00','2022-08-15 05:06:00'),(107,'Bakmie Ayam',45437,'Lorem ipsum dolor, sit amet consectetur adipisicing elit. Minima tempora quibusdam ipsum exercitationem perferendis alias asperiores maxime excepturi nam dolorum?','https://source.unsplash.com/random/400x200',25,'2022-08-15 05:06:00','2022-08-15 05:06:00'),(108,'Bakmie Ayam',69232,'Lorem ipsum dolor, sit amet consectetur adipisicing elit. Minima tempora quibusdam ipsum exercitationem perferendis alias asperiores maxime excepturi nam dolorum?','https://source.unsplash.com/random/400x200',36,'2022-08-15 05:06:00','2022-08-15 05:06:00'),(109,'Bakmie Ayam',99708,'Lorem ipsum dolor, sit amet consectetur adipisicing elit. Minima tempora quibusdam ipsum exercitationem perferendis alias asperiores maxime excepturi nam dolorum?','https://source.unsplash.com/random/400x200',35,'2022-08-15 05:06:00','2022-08-15 05:06:00'),(110,'Bakmie Ayam',18967,'Lorem ipsum dolor, sit amet consectetur adipisicing elit. Minima tempora quibusdam ipsum exercitationem perferendis alias asperiores maxime excepturi nam dolorum?','https://source.unsplash.com/random/400x200',18,'2022-08-15 05:06:01','2022-08-15 05:06:01'),(111,'Bakmie Ayam',22404,'Lorem ipsum dolor, sit amet consectetur adipisicing elit. Minima tempora quibusdam ipsum exercitationem perferendis alias asperiores maxime excepturi nam dolorum?','https://source.unsplash.com/random/400x200',37,'2022-08-15 05:06:01','2022-08-15 05:06:01'),(112,'Bakmie Ayam',71541,'Lorem ipsum dolor, sit amet consectetur adipisicing elit. Minima tempora quibusdam ipsum exercitationem perferendis alias asperiores maxime excepturi nam dolorum?','https://source.unsplash.com/random/400x200',28,'2022-08-15 05:06:01','2022-08-15 05:06:01'),(113,'Bakmie Ayam',23402,'Lorem ipsum dolor, sit amet consectetur adipisicing elit. Minima tempora quibusdam ipsum exercitationem perferendis alias asperiores maxime excepturi nam dolorum?','https://source.unsplash.com/random/400x200',3,'2022-08-15 05:06:01','2022-08-15 05:06:01'),(114,'Bakmie Ayam',31684,'Lorem ipsum dolor, sit amet consectetur adipisicing elit. Minima tempora quibusdam ipsum exercitationem perferendis alias asperiores maxime excepturi nam dolorum?','https://source.unsplash.com/random/400x200',31,'2022-08-15 05:06:02','2022-08-15 05:06:02'),(115,'Bakmie Ayam',38332,'Lorem ipsum dolor, sit amet consectetur adipisicing elit. Minima tempora quibusdam ipsum exercitationem perferendis alias asperiores maxime excepturi nam dolorum?','https://source.unsplash.com/random/400x200',30,'2022-08-15 05:06:02','2022-08-15 05:06:02'),(116,'Bakmie Ayam',89654,'Lorem ipsum dolor, sit amet consectetur adipisicing elit. Minima tempora quibusdam ipsum exercitationem perferendis alias asperiores maxime excepturi nam dolorum?','https://source.unsplash.com/random/400x200',13,'2022-08-15 05:06:03','2022-08-15 05:06:03'),(117,'Bakmie Ayam',64370,'Lorem ipsum dolor, sit amet consectetur adipisicing elit. Minima tempora quibusdam ipsum exercitationem perferendis alias asperiores maxime excepturi nam dolorum?','https://source.unsplash.com/random/400x200',42,'2022-08-15 05:06:03','2022-08-15 05:06:03'),(118,'Bakmie Ayam',29463,'Lorem ipsum dolor, sit amet consectetur adipisicing elit. Minima tempora quibusdam ipsum exercitationem perferendis alias asperiores maxime excepturi nam dolorum?','https://source.unsplash.com/random/400x200',31,'2022-08-15 05:06:03','2022-08-15 05:06:03'),(119,'Bakmie Ayam',33063,'Lorem ipsum dolor, sit amet consectetur adipisicing elit. Minima tempora quibusdam ipsum exercitationem perferendis alias asperiores maxime excepturi nam dolorum?','https://source.unsplash.com/random/400x200',21,'2022-08-15 05:06:03','2022-08-15 05:06:03'),(120,'Bakmie Ayam',32185,'Lorem ipsum dolor, sit amet consectetur adipisicing elit. Minima tempora quibusdam ipsum exercitationem perferendis alias asperiores maxime excepturi nam dolorum?','https://source.unsplash.com/random/400x200',11,'2022-08-15 05:06:03','2022-08-15 05:06:03');
/*!40000 ALTER TABLE `produk_dagang` ENABLE KEYS */;
UNLOCK TABLES;

--
-- Table structure for table `role_has_permissions`
--

DROP TABLE IF EXISTS `role_has_permissions`;
/*!40101 SET @saved_cs_client     = @@character_set_client */;
/*!50503 SET character_set_client = utf8mb4 */;
CREATE TABLE `role_has_permissions` (
  `permission_id` bigint unsigned NOT NULL,
  `role_id` bigint unsigned NOT NULL,
  PRIMARY KEY (`permission_id`,`role_id`),
  KEY `role_has_permissions_role_id_foreign` (`role_id`),
  CONSTRAINT `role_has_permissions_permission_id_foreign` FOREIGN KEY (`permission_id`) REFERENCES `permissions` (`id`) ON DELETE CASCADE,
  CONSTRAINT `role_has_permissions_role_id_foreign` FOREIGN KEY (`role_id`) REFERENCES `roles` (`id`) ON DELETE CASCADE
) ENGINE=InnoDB DEFAULT CHARSET=utf8mb4 COLLATE=utf8mb4_unicode_ci;
/*!40101 SET character_set_client = @saved_cs_client */;

--
-- Dumping data for table `role_has_permissions`
--

LOCK TABLES `role_has_permissions` WRITE;
/*!40000 ALTER TABLE `role_has_permissions` DISABLE KEYS */;
/*!40000 ALTER TABLE `role_has_permissions` ENABLE KEYS */;
UNLOCK TABLES;

--
-- Table structure for table `roles`
--

DROP TABLE IF EXISTS `roles`;
/*!40101 SET @saved_cs_client     = @@character_set_client */;
/*!50503 SET character_set_client = utf8mb4 */;
CREATE TABLE `roles` (
  `id` bigint unsigned NOT NULL AUTO_INCREMENT,
  `name` varchar(255) COLLATE utf8mb4_unicode_ci NOT NULL,
  `guard_name` varchar(255) COLLATE utf8mb4_unicode_ci NOT NULL,
  `created_at` timestamp NULL DEFAULT NULL,
  `updated_at` timestamp NULL DEFAULT NULL,
  PRIMARY KEY (`id`),
  UNIQUE KEY `roles_name_guard_name_unique` (`name`,`guard_name`)
) ENGINE=InnoDB AUTO_INCREMENT=3 DEFAULT CHARSET=utf8mb4 COLLATE=utf8mb4_unicode_ci;
/*!40101 SET character_set_client = @saved_cs_client */;

--
-- Dumping data for table `roles`
--

LOCK TABLES `roles` WRITE;
/*!40000 ALTER TABLE `roles` DISABLE KEYS */;
INSERT INTO `roles` VALUES (1,'Pembeli','web','2022-08-15 05:04:11','2022-08-15 05:04:11'),(2,'Pedagang Kaki Lima','web','2022-08-15 05:04:11','2022-08-15 05:04:11');
/*!40000 ALTER TABLE `roles` ENABLE KEYS */;
UNLOCK TABLES;

--
-- Table structure for table `transaksi`
--

DROP TABLE IF EXISTS `transaksi`;
/*!40101 SET @saved_cs_client     = @@character_set_client */;
/*!50503 SET character_set_client = utf8mb4 */;
CREATE TABLE `transaksi` (
  `id` bigint unsigned NOT NULL AUTO_INCREMENT,
  `produk_dagang_id` bigint unsigned NOT NULL,
  `user_id` bigint unsigned NOT NULL,
  `jenis_transaksi` enum('PING','Pembelian') COLLATE utf8mb4_unicode_ci NOT NULL,
  `status` enum('Sudah Dikonfirmasi Gerobakan','Sedang Diproses Gerobakan','Sedang Diantarkan','Belum Dikonfirmasi Gerobakan','Sudah Selesai') COLLATE utf8mb4_unicode_ci NOT NULL,
  `kuantitas_beli` int NOT NULL,
  `created_at` timestamp NULL DEFAULT NULL,
  `updated_at` timestamp NULL DEFAULT NULL,
  PRIMARY KEY (`id`),
  KEY `transaksi_produk_dagang_id_foreign` (`produk_dagang_id`),
  CONSTRAINT `transaksi_produk_dagang_id_foreign` FOREIGN KEY (`produk_dagang_id`) REFERENCES `produk_dagang` (`id`)
) ENGINE=InnoDB AUTO_INCREMENT=4 DEFAULT CHARSET=utf8mb4 COLLATE=utf8mb4_unicode_ci;
/*!40101 SET character_set_client = @saved_cs_client */;

--
-- Dumping data for table `transaksi`
--

LOCK TABLES `transaksi` WRITE;
/*!40000 ALTER TABLE `transaksi` DISABLE KEYS */;
INSERT INTO `transaksi` VALUES (1,118,1,'PING','Belum Dikonfirmasi Gerobakan',0,'2022-08-18 23:30:37','2022-08-18 23:30:37'),(2,118,1,'Pembelian','Belum Dikonfirmasi Gerobakan',1,'2022-08-18 23:31:38','2022-08-18 23:31:38'),(3,40,1,'Pembelian','Belum Dikonfirmasi Gerobakan',1,'2022-08-18 23:32:37','2022-08-18 23:32:37');
/*!40000 ALTER TABLE `transaksi` ENABLE KEYS */;
UNLOCK TABLES;

--
-- Table structure for table `users`
--

DROP TABLE IF EXISTS `users`;
/*!40101 SET @saved_cs_client     = @@character_set_client */;
/*!50503 SET character_set_client = utf8mb4 */;
CREATE TABLE `users` (
  `id` bigint unsigned NOT NULL AUTO_INCREMENT,
  `nama` varchar(255) COLLATE utf8mb4_unicode_ci NOT NULL,
  `nama_dagang` varchar(255) COLLATE utf8mb4_unicode_ci DEFAULT NULL,
  `lokasi` text COLLATE utf8mb4_unicode_ci NOT NULL,
  `email` varchar(255) COLLATE utf8mb4_unicode_ci NOT NULL,
  `password` varchar(255) COLLATE utf8mb4_unicode_ci NOT NULL,
  `no_telp` varchar(255) COLLATE utf8mb4_unicode_ci NOT NULL,
  `profpict` varchar(255) COLLATE utf8mb4_unicode_ci NOT NULL,
  `created_at` timestamp NULL DEFAULT NULL,
  `updated_at` timestamp NULL DEFAULT NULL,
  PRIMARY KEY (`id`),
  UNIQUE KEY `users_email_unique` (`email`),
  UNIQUE KEY `users_nama_dagang_unique` (`nama_dagang`)
) ENGINE=InnoDB AUTO_INCREMENT=101 DEFAULT CHARSET=utf8mb4 COLLATE=utf8mb4_unicode_ci;
/*!40101 SET character_set_client = @saved_cs_client */;

--
-- Dumping data for table `users`
--

LOCK TABLES `users` WRITE;
/*!40000 ALTER TABLE `users` DISABLE KEYS */;
INSERT INTO `users` VALUES (1,'Yuliana Astuti S.Kom',NULL,'Kpg. Jambu No. 835, Surabaya 81196, DIY','pertiwi.lili@example.com','$2y$10$qNLmODuRurDEwBn2nTdWL.fe0Nbak2TZMJroRmaj0gm5jpo5RFlIu','(+62) 26 1898 2997','img/default_user.jpg','2022-08-15 05:04:11','2022-08-15 05:04:11'),(2,'Wirda Lailasari',NULL,'Psr. Agus Salim No. 599, Parepare 51088, DIY','opung.gunawan@example.com','$2y$10$lWEJA9BORgUQBBsM.jj6kuILQQycOnfS.6TyvP7/PgQTXHINb7ydG','0222 8653 122','img/default_user.jpg','2022-08-15 05:04:13','2022-08-15 05:04:13'),(3,'Kayla Lala Nurdiyanti S.T.',NULL,'Jln. Siliwangi No. 164, Ambon 72360, Lampung','mpurnawati@example.com','$2y$10$4JFywM5uqQJrA3kD8zuI0Oq367.Rsckzhu1otmdNPPg/S3S/GeGOu','(+62) 29 1893 642','img/default_user.jpg','2022-08-15 05:04:14','2022-08-15 05:04:14'),(4,'Nova Suryatmi',NULL,'Ki. Yosodipuro No. 48, Balikpapan 20536, Aceh','abyasa.samosir@example.net','$2y$10$xnLYJXQJJFGA2F1Ibt7xbu5SWEjHM.WDCkjVeUWGKPB9ShGc7QqTS','(+62) 639 9066 4784','img/default_user.jpg','2022-08-15 05:04:14','2022-08-15 05:04:14'),(5,'Diah Dian Riyanti',NULL,'Gg. Wora Wari No. 793, Yogyakarta 25015, Sulsel','janet74@example.net','$2y$10$WWj382DLwU2.bqA8N1Nkhe.YuAEB7aUfyIKLyy3.oI/2w6v.MgW9e','(+62) 299 7179 3291','img/default_user.jpg','2022-08-15 05:04:15','2022-08-15 05:04:15'),(6,'Jail Pradana S.Ked',NULL,'Dk. Salatiga No. 892, Bitung 75171, Kepri','utama.budiman@example.org','$2y$10$ggD5AdpJaXsp3OgXNjrnh.NahrMUEq0OwTiFeEsQaWSuGrm1/579C','0980 8917 0137','img/default_user.jpg','2022-08-15 05:04:15','2022-08-15 05:04:15'),(7,'Paramita Uyainah',NULL,'Psr. Krakatau No. 308, Sorong 88473, Sumut','harjo.laksmiwati@example.org','$2y$10$mvVL5lRtszulQGXZmMiAT.Z1NMuVzdNsBX5YvEFvqnSXYbs2dEAxe','(+62) 22 5207 805','img/default_user.jpg','2022-08-15 05:04:16','2022-08-15 05:04:16'),(8,'Ian Halim M.M.',NULL,'Dk. W.R. Supratman No. 797, Padangpanjang 98329, Kepri','igunawan@example.net','$2y$10$SwpKPNB7yHe0yuofl93gzei6uZm9ySdm4QPEGhoQcmvXVMdf21YrG','0841 493 895','img/default_user.jpg','2022-08-15 05:04:17','2022-08-15 05:04:17'),(9,'Rusman Pradana',NULL,'Psr. Muwardi No. 666, Probolinggo 74648, Aceh','unjani.waskita@example.com','$2y$10$JaKSYqUrnYTAZjD.LYd9cOMWXxDh/UrkCriWvjLdnA7ytOvB6fsXC','0458 9820 229','img/default_user.jpg','2022-08-15 05:04:17','2022-08-15 05:04:17'),(10,'Yani Prastuti',NULL,'Dk. Baing No. 764, Probolinggo 67347, Sulsel','talia.budiyanto@example.net','$2y$10$OscZEF041nUWwAV77P6mCuahzjDd4yxcfCZTNsmqfPD1N2Q/5EX02','0986 3460 1653','img/default_user.jpg','2022-08-15 05:04:18','2022-08-15 05:04:18'),(11,'Jamal Prayogo Saragih',NULL,'Jr. Basudewo No. 147, Administrasi Jakarta Timur 96022, Sumsel','framadan@example.org','$2y$10$8WhDLIijMaEOQVRKyTqw2.etM0y2wNVtS63i6Wms8U1sqQAUJabr2','(+62) 506 3838 331','img/default_user.jpg','2022-08-15 05:04:19','2022-08-15 05:04:19'),(12,'Harsanto Sinaga',NULL,'Gg. Supono No. 560, Langsa 69320, Jatim','ghaliyati.handayani@example.org','$2y$10$Fxuy8LorWpDU9w2yCXc98eNc5sUw2xLeW4PhPh7BYGAZKRqFrXKFu','0963 7568 334','img/default_user.jpg','2022-08-15 05:04:20','2022-08-15 05:04:20'),(13,'Taufik Waskita',NULL,'Dk. Badak No. 831, Pariaman 67498, Sumbar','pertiwi.ozy@example.com','$2y$10$VWpNcPIeRhVCai4FOEv1tOAZoqBwur1UCPtbAdeqDjGE7T9iqyp6W','025 6621 063','img/default_user.jpg','2022-08-15 05:04:20','2022-08-15 05:04:20'),(14,'Chelsea Karen Handayani S.Gz',NULL,'Ki. Basudewo No. 775, Administrasi Jakarta Barat 87445, Banten','iyuliarti@example.com','$2y$10$qhe3o73.C0xb1fqS1c0A7ujp6jHDmgy6N2AfElyLiwgRyiQ/YQVs6','0891 4418 6095','img/default_user.jpg','2022-08-15 05:04:21','2022-08-15 05:04:21'),(15,'Agnes Astuti',NULL,'Ds. Mahakam No. 863, Bitung 86137, Papua','bakda.fujiati@example.com','$2y$10$YTFPz919Jk2HYZFtaxcOOumvzNfOPd4vNWhEFAU1Q9j.INOr97mOm','(+62) 955 1331 509','img/default_user.jpg','2022-08-15 05:04:22','2022-08-15 05:04:22'),(16,'Ikin Dongoran',NULL,'Jln. Diponegoro No. 682, Lhokseumawe 15458, Aceh','kawaya34@example.org','$2y$10$llLgkI8/laaqBIYdXbf0IeVH2SPpEdykoGhYEMRcdr2YsyMAspciG','(+62) 574 7325 7264','img/default_user.jpg','2022-08-15 05:04:22','2022-08-15 05:04:22'),(17,'Violet Widiastuti',NULL,'Ki. Bappenas No. 959, Probolinggo 95098, Malut','safina.habibi@example.com','$2y$10$i4nNAEE61XHPmAUw1GcHuu7zYxhDsYjCfScpN4vo7uoqWddloyhji','0712 6247 206','img/default_user.jpg','2022-08-15 05:04:23','2022-08-15 05:04:23'),(18,'Rama Banawa Sirait',NULL,'Ki. Gardujati No. 54, Pekanbaru 54078, Bengkulu','znovitasari@example.net','$2y$10$DdIJpSHj7q42tJZ9OZ7ytOH0p0UdRrA4vEdG//6Q4Aq4k9Y0qqnW2','(+62) 635 2401 035','img/default_user.jpg','2022-08-15 05:04:24','2022-08-15 05:04:24'),(19,'Danuja Marsudi Prasetya',NULL,'Kpg. Bara Tambar No. 88, Pontianak 78689, Bali','yani.pradana@example.com','$2y$10$cE3RnRdM0ivBvzm5pdudi.L1Wa4KhDKcU6Oc.2B3STCf7XeO2sdQC','(+62) 678 4836 9428','img/default_user.jpg','2022-08-15 05:04:25','2022-08-15 05:04:25'),(20,'Estiawan Nasrullah Waskita S.Ked',NULL,'Psr. Siliwangi No. 196, Pekalongan 82902, Kalteng','dian56@example.com','$2y$10$C729NKcKpd.aLkp/aj0CBuSmlkdjhjB7kYTu6SIc40cjlEm0zmMMy','(+62) 579 4543 4946','img/default_user.jpg','2022-08-15 05:04:26','2022-08-15 05:04:26'),(21,'Mutia Agustina',NULL,'Ki. Untung Suropati No. 390, Blitar 49108, DKI','bpertiwi@example.org','$2y$10$Y1rxlfYatglYgcA8eClVbOfiLstuhhIgDWcJa5KABsBPFaHigjZvW','(+62) 543 4224 9927','img/default_user.jpg','2022-08-15 05:04:26','2022-08-15 05:04:26'),(22,'Banara Januar',NULL,'Jln. Halim No. 193, Dumai 37090, Bali','gsuryatmi@example.net','$2y$10$3zrk3OAofdzncGulfo6VTuUe2PPoyX7thNnrqKkoy/Z1OT6VvPvlK','(+62) 982 9510 7848','img/default_user.jpg','2022-08-15 05:04:27','2022-08-15 05:04:27'),(23,'Kamila Puti Haryanti',NULL,'Dk. Tentara Pelajar No. 592, Surabaya 57198, Sumut','pranawa95@example.net','$2y$10$gvmaOzP9BDge1LfZsfbFAOqs4B3D5bg2G4hBLWwC483Of2tCDcS56','(+62) 887 3705 0141','img/default_user.jpg','2022-08-15 05:04:27','2022-08-15 05:04:27'),(24,'Vicky Suryatmi',NULL,'Ki. Baranang Siang No. 112, Lubuklinggau 11179, Riau','hamima08@example.net','$2y$10$yStH4L7jJVlQx1i8B9SfReSu4Q8E82PmhxtnGBIW9faOqORqzkcDy','(+62) 485 6203 278','img/default_user.jpg','2022-08-15 05:04:28','2022-08-15 05:04:28'),(25,'Unggul Manullang',NULL,'Jr. Bawal No. 576, Binjai 49651, Sultra','pradana.indah@example.net','$2y$10$DxnPSIqx1VnrW384gRgquuVUdXj9Fh6SxQqKL6/h79XA8dyvzJvBO','(+62) 965 6420 987','img/default_user.jpg','2022-08-15 05:04:29','2022-08-15 05:04:29'),(26,'Cinthia Maryati S.Kom',NULL,'Dk. Barat No. 75, Lhokseumawe 92471, NTT','hardiansyah.imam@example.org','$2y$10$PlNNeRhVOk56CJcFlmzDQO9ulStl5LA8FK00jE6qjCuIOFXpoN9yq','(+62) 376 5484 248','img/default_user.jpg','2022-08-15 05:04:30','2022-08-15 05:04:30'),(27,'Rika Purnawati',NULL,'Psr. Kiaracondong No. 256, Solok 37246, Jateng','laksmiwati.joko@example.net','$2y$10$aWa7Ij2nPvRFcDmVm9DF6.kTIowtG3wRDXjHJOJEy9VvqlNDRCYlG','0589 8322 277','img/default_user.jpg','2022-08-15 05:04:31','2022-08-15 05:04:31'),(28,'Jelita Pudjiastuti',NULL,'Ki. Pacuan Kuda No. 98, Pematangsiantar 37274, Aceh','hardi.hassanah@example.com','$2y$10$L052ONeHH39JmhP57CqQKOxgSsoPw5KSQ07GZmv46lfgw59oOgOA.','(+62) 689 1626 6605','img/default_user.jpg','2022-08-15 05:04:31','2022-08-15 05:04:31'),(29,'Safina Andriani',NULL,'Psr. Yosodipuro No. 314, Tangerang Selatan 56677, Maluku','unasyidah@example.net','$2y$10$IcYKb37clTx9Xv9jgpstk.K4656cBCgZykXhTvGspMuKVaRb2RJiK','0857 7204 7937','img/default_user.jpg','2022-08-15 05:04:32','2022-08-15 05:04:32'),(30,'Saadat Setiawan',NULL,'Ds. Baladewa No. 952, Magelang 88145, Babel','fathonah22@example.org','$2y$10$qZsfLR54f8nTR1D6BNmgH.JWRuceNq/XefOab2cYrN1YaM.dEjJlm','(+62) 610 1281 821','img/default_user.jpg','2022-08-15 05:04:33','2022-08-15 05:04:33'),(31,'Gatra Arsipatra Simbolon',NULL,'Ds. Yohanes No. 500, Pematangsiantar 58655, Gorontalo','karyani@example.com','$2y$10$hO/7GhO2qLN1e9uccc8YLOyrSB7t1NnTIujS/Zq/13SgKhV3yi88K','(+62) 680 5537 908','img/default_user.jpg','2022-08-15 05:04:34','2022-08-15 05:04:34'),(32,'Raditya Siregar',NULL,'Psr. Suprapto No. 449, Medan 44302, Aceh','jaga.samosir@example.net','$2y$10$KkxdXK55J35KspNjrzqg6OISoMAu0QfEdp2EkqnJ4TMKBQURtKxO.','0703 0877 5461','img/default_user.jpg','2022-08-15 05:04:35','2022-08-15 05:04:35'),(33,'Bakiman Jaiman Prakasa',NULL,'Gg. Dewi Sartika No. 633, Pasuruan 75194, DKI','namaga.irma@example.org','$2y$10$PqqV6rtTUh7A6rLQRwwuhu6zkYZOnzK9t9M0avsIrc1vjiU3nnX5W','0859 4348 185','img/default_user.jpg','2022-08-15 05:04:35','2022-08-15 05:04:35'),(34,'Jamal Elvin Hutapea',NULL,'Dk. Bakti No. 774, Cirebon 67179, DKI','bhalimah@example.net','$2y$10$VpDqUqq0guAIjnd2pY2YJuZ6sc5TUxjLWUP4w0p4vgsy6jbE/T2iO','(+62) 810 358 186','img/default_user.jpg','2022-08-15 05:04:36','2022-08-15 05:04:36'),(35,'Dina Lili Palastri S.T.',NULL,'Kpg. Soekarno Hatta No. 109, Manado 41088, Kalsel','lukman.saputra@example.com','$2y$10$jGaqZ8pBu3FACPF5otdeKeouieuRCToX4DQ3wdSPg6nAKCbpbkhWO','(+62) 600 2130 4297','img/default_user.jpg','2022-08-15 05:04:36','2022-08-15 05:04:36'),(36,'Elisa Handayani',NULL,'Ds. Baing No. 726, Palopo 22227, NTT','halim.wardi@example.org','$2y$10$RNGLHml71jK1XwGRPnlGh.jUYi17l/N8.99vtMT0S0VxHEcbe9.W2','(+62) 20 1997 855','img/default_user.jpg','2022-08-15 05:04:37','2022-08-15 05:04:37'),(37,'Gabriella Kusmawati',NULL,'Ds. Madrasah No. 926, Denpasar 55209, Papua','zyuliarti@example.net','$2y$10$476wtr9mo9VuGP8U1753LeDAjjH71n4WQFHAYivly97a4fdaHZ3za','0209 3463 956','img/default_user.jpg','2022-08-15 05:04:38','2022-08-15 05:04:38'),(38,'Belinda Andriani',NULL,'Ki. Taman No. 468, Kendari 11477, Kepri','arsipatra80@example.org','$2y$10$d1DGYlzDfitwjIZ8QwSaMuFjnbbCYyryvz3e85ryZKQjni2wu5qJq','(+62) 761 1547 1099','img/default_user.jpg','2022-08-15 05:04:39','2022-08-15 05:04:39'),(39,'Sari Wastuti',NULL,'Ki. Kalimalang No. 203, Bima 96397, Pabar','vanya.rahmawati@example.org','$2y$10$xsNQUUNTvD66SpmpSls5tOkCZyIWywMSv6KC3Wjmbp7kPUFYLf3Y6','024 4419 4626','img/default_user.jpg','2022-08-15 05:04:40','2022-08-15 05:04:40'),(40,'Rahmi Farida S.H.',NULL,'Gg. Tambun No. 603, Sukabumi 24963, Kepri','jagaraga73@example.net','$2y$10$48q4mLUMlS63NU6Aqaq3JON8Mz8E3pcs8Tg4t/vQK7qEG60cfbehq','(+62) 399 2265 747','img/default_user.jpg','2022-08-15 05:04:41','2022-08-15 05:04:41'),(41,'Kardi Mangunsong',NULL,'Dk. Kebangkitan Nasional No. 123, Padangpanjang 82239, Sulsel','januar.murti@example.net','$2y$10$qoHSHFTYR.O72e0BdTOCzOwE3YKlxQCbGLlEVAf9EMlwuQSBNFqSa','021 0464 908','img/default_user.jpg','2022-08-15 05:04:42','2022-08-15 05:04:42'),(42,'Kamaria Amelia Yolanda S.Sos',NULL,'Jln. Moch. Ramdan No. 668, Batu 66342, Jabar','rosman67@example.net','$2y$10$wA8Y828yu.c13tJqfJNdr.pLAGb06gR7.lLJ2cSV8738NGb14WWfi','(+62) 764 1095 426','img/default_user.jpg','2022-08-15 05:04:43','2022-08-15 05:04:43'),(43,'Elvina Farhunnisa Padmasari S.Farm',NULL,'Dk. Laswi No. 734, Langsa 44027, Sumbar','anggriawan.raisa@example.com','$2y$10$pksNtj/d6REBGTJ5/LT8helQojG7dLB7ag/XN5EjtHV8.xFSEFkpm','(+62) 434 5519 8813','img/default_user.jpg','2022-08-15 05:04:45','2022-08-15 05:04:45'),(44,'Tira Wulandari M.TI.',NULL,'Ds. Panjaitan No. 237, Bitung 79411, Jatim','utami.eman@example.org','$2y$10$hqKoVJFfTfKmvOhSMnxHneFxfxTvRgB71l7sSmfI8.tuUMFN4Tasq','0847 5839 422','img/default_user.jpg','2022-08-15 05:04:45','2022-08-15 05:04:45'),(45,'Wardi Cengkal Widodo S.Sos',NULL,'Gg. Baranang No. 823, Batu 67821, Jabar','zizi.namaga@example.org','$2y$10$Go3F8T6kaRTUNVkCHPBVIOToGmwC9kGuLPUB.tni5vYWIszo2zc6m','(+62) 604 1101 853','img/default_user.jpg','2022-08-15 05:04:46','2022-08-15 05:04:46'),(46,'Jayadi Sihombing',NULL,'Ds. Banda No. 838, Banda Aceh 31959, Kalbar','qrahimah@example.net','$2y$10$B3fvoe/M8a5XCnkDfe8Fx.X2HygCsDr0zo3rvEbXNyVLfviugEVBm','(+62) 643 6300 758','img/default_user.jpg','2022-08-15 05:04:47','2022-08-15 05:04:47'),(47,'Raihan Simbolon',NULL,'Dk. Rajawali Barat No. 972, Madiun 75931, Bengkulu','prayoga.digdaya@example.com','$2y$10$MBHzku.g1bTp8dVCaDXCqelRKVPvxoXpYHdO.mhnL.nroQ1zXyrXO','(+62) 206 1338 3960','img/default_user.jpg','2022-08-15 05:04:48','2022-08-15 05:04:48'),(48,'Yunita Yuniar',NULL,'Dk. Ujung No. 188, Makassar 54459, Banten','ewacana@example.net','$2y$10$oa7MVC33tJzd4y9DiP/iEOh.cZbwWyz6II2DFfNntHOSzz.O7gHvy','0567 1350 0147','img/default_user.jpg','2022-08-15 05:04:50','2022-08-15 05:04:50'),(49,'Dwi Cakrabirawa Lazuardi',NULL,'Kpg. Tambun No. 447, Jambi 13525, Kalbar','jkurniawan@example.org','$2y$10$QntSyosfTRU2gQyJ551Ir.IjSKUfiJxogcjs04v5.cyNDSmJmv9ra','0554 4362 277','img/default_user.jpg','2022-08-15 05:04:50','2022-08-15 05:04:50'),(50,'Kamila Paramita Wastuti S.Farm',NULL,'Jr. Suryo No. 452, Bima 84962, Kalteng','gina.astuti@example.org','$2y$10$z45uAOlNDK0WPOx4Znsmced/A541FAZJBLhZxQ1i5UKEEbeP.188O','0629 9842 7928','img/default_user.jpg','2022-08-15 05:04:51','2022-08-15 05:04:51'),(51,'Fitria Pertiwi','Parman Gunarto Store','Psr. Ciumbuleuit No. 4, Bukittinggi 67886, Maluku','ibrani.mangunsong@example.com','$2y$10$OKuxlf8UtTwTx3//7M25pOiQw6VZ56UfmZ4Q3DXp4uD1wOAQ7fhN6','0938 0046 2104','img/default_user.jpg','2022-08-15 05:04:57','2022-08-15 05:04:57'),(52,'Jono Rajasa','Eka Yani Sudiati Store','Dk. Laksamana No. 266, Malang 72467, Sumbar','epradana@example.org','$2y$10$9k3Osf34PFRdyLjJ8xkBIuNP0/Vge9h9ZT5UhqklEbhJB2Jmtu.Fm','(+62) 263 1327 626','img/default_user.jpg','2022-08-15 05:04:57','2022-08-15 05:04:57'),(53,'Malik Hakim','Victoria Yolanda Store','Jln. Halim No. 645, Pontianak 99650, Sulsel','andriani.lamar@example.com','$2y$10$C7ChboE2GhJ1KjVcAd73.uxgbXqNbNgogenDyr.IrisYy2pYNXSfa','0834 5851 155','img/default_user.jpg','2022-08-15 05:04:58','2022-08-15 05:04:58'),(54,'Tedi Simanjuntak','Gada Thamrin Store','Ki. Urip Sumoharjo No. 705, Pontianak 67934, Kalbar','zamira.maulana@example.net','$2y$10$4CiOV9WobolkdNNUfD66YObvdDNP5U0O93HOKdz0bIQbj8VGxGaKK','0422 6860 3332','img/default_user.jpg','2022-08-15 05:04:58','2022-08-15 05:04:58'),(55,'Gamani Ramadan','Ilsa Rini Mardhiyah Store','Jr. Basuki No. 592, Surakarta 40756, Pabar','eman53@example.net','$2y$10$KC1IuAyTz8oFBM0UNRRwje2MBRzuRWDRjcHeV/IXgpFnzA09pLcjW','0824 545 956','img/default_user.jpg','2022-08-15 05:04:59','2022-08-15 05:04:59'),(56,'Rafi Banawi Nashiruddin','Kawaca Ramadan S.Sos Store','Dk. Hasanuddin No. 913, Ternate 64216, Sumsel','karen.nababan@example.com','$2y$10$/L6lXF/AtEG4qt0DBxz8H.jHZqO4CzzLfMDrCLIyxmeguIErTYcUa','(+62) 645 0148 2623','img/default_user.jpg','2022-08-15 05:05:00','2022-08-15 05:05:00'),(57,'Jane Purwanti S.Farm','Victoria Oliva Nurdiyanti Store','Ds. Tambun No. 514, Administrasi Jakarta Pusat 55826, Kaltara','winda.haryanti@example.org','$2y$10$5LkIKYpOu0sZGrvKn8C/Ie5DpDndIoPTl/G/Ktw310GIbeizg9352','(+62) 257 4134 8204','img/default_user.jpg','2022-08-15 05:05:01','2022-08-15 05:05:01'),(58,'Rini Purwanti S.Ked','Ratna Fujiati Store','Ki. Astana Anyar No. 397, Binjai 32042, Sultra','ade.simanjuntak@example.org','$2y$10$QAuUDX9Yz/E.BB8mjPl3BOmdZ55xmzwdATh3SJvQT9FEJ93s4skOi','(+62) 605 6169 1425','img/default_user.jpg','2022-08-15 05:05:01','2022-08-15 05:05:01'),(59,'Nurul Yuni Mandasari','Martaka Hardana Marbun Store','Gg. Muwardi No. 970, Madiun 37999, Sumut','cawisadi.rajata@example.com','$2y$10$T8PojD.NxxUUhKyahmgYEecLt0troy0DzruninahJA0o6xep59Pi.','(+62) 826 4546 5428','img/default_user.jpg','2022-08-15 05:05:01','2022-08-15 05:05:01'),(60,'Lukman Nugroho','Yessi Farhunnisa Wastuti Store','Ds. Basuki No. 807, Dumai 81681, Sultra','dardianto@example.net','$2y$10$mkOyfCT5Ammx56Mxjve85ekz3DuLkhIkxCXDzqrfbyGVTlDh8Bcey','(+62) 673 7132 311','img/default_user.jpg','2022-08-15 05:05:02','2022-08-15 05:05:02'),(61,'Catur Dongoran','Melinda Yuliarti Store','Ki. Salam No. 711, Tasikmalaya 88599, Riau','yulianti.kuncara@example.net','$2y$10$ERS4BGl2xLcccQy25ifFZu473R0h8ELmcdg4Hj4DiigSrXo9Zz3ye','(+62) 695 6658 012','img/default_user.jpg','2022-08-15 05:05:02','2022-08-15 05:05:02'),(62,'Lili Purnawati','Dinda Genta Pratiwi M.M. Store','Jln. Gajah Mada No. 634, Gorontalo 85518, Babel','melani.carla@example.net','$2y$10$kscLo/abFDRbzYyju56Uo.IUSi.VIzVmUYkpGLYCCZ8prBoi2I1K2','0302 4967 8432','img/default_user.jpg','2022-08-15 05:05:03','2022-08-15 05:05:03'),(63,'Zulfa Melani','Violet Mulyani Store','Kpg. PHH. Mustofa No. 576, Banjarmasin 66816, Kepri','yolanda.harsanto@example.com','$2y$10$IIJu5Gpg1vHn7LO6slDYpe5Ko6fI8IFtBvHqUaQ/9KFUbhobCmwSy','(+62) 552 2156 1987','img/default_user.jpg','2022-08-15 05:05:03','2022-08-15 05:05:03'),(64,'Puji Tira Wijayanti','Kamaria Zulaikha Purnawati Store','Jln. Casablanca No. 810, Padangsidempuan 21455, Sumut','fmaheswara@example.org','$2y$10$vz/dFNLaqMJRqvPKa0Yf.OIRjxcy5RanvOQiYo8bCmFX.vORJvmiS','(+62) 568 8639 977','img/default_user.jpg','2022-08-15 05:05:04','2022-08-15 05:05:04'),(65,'Gilda Purnawati','Faizah Lestari Store','Psr. Basuki Rahmat  No. 844, Salatiga 73620, Kepri','muhammad.uyainah@example.com','$2y$10$DlGyfnCP1bdpzJDwB.fxxu/tehM8/ea5i.p2lfFlGgxwg30YCEIjS','(+62) 625 0405 499','img/default_user.jpg','2022-08-15 05:05:04','2022-08-15 05:05:04'),(66,'Almira Sudiati','Elvin Marbun Store','Dk. Banal No. 306, Madiun 23558, Kaltim','anita.hassanah@example.org','$2y$10$NQ/UPDIlNPFyIMWEUZmBg.O9xi3hwJFB8B86rLCfKZAsPrUaVO54.','0462 0505 220','img/default_user.jpg','2022-08-15 05:05:05','2022-08-15 05:05:05'),(67,'Shania Azalea Farida','Kardi Hutagalung S.Sos Store','Jr. Bahagia  No. 403, Pekanbaru 27227, Jambi','spuspita@example.com','$2y$10$OXvWtTL1M24B5lXkuvpihezdA2MPs1w.iBdQX.wyc77NbahYcl3Iq','0929 5704 8875','img/default_user.jpg','2022-08-15 05:05:05','2022-08-15 05:05:05'),(68,'Hana Dina Utami M.Ak','Jamalia Belinda Usada Store','Kpg. Basket No. 552, Parepare 34518, Kalbar','bgunarto@example.org','$2y$10$G.kVm86inMwa25ZpH1cxy.HUZ.IPcmcHfeVdowv.dq14YVMpz.FF2','0886 4478 9465','img/default_user.jpg','2022-08-15 05:05:06','2022-08-15 05:05:06'),(69,'Anita Padmasari','Najib Hutasoit S.IP Store','Jln. Ters. Pasir Koja No. 402, Blitar 49055, NTT','sudiati.satya@example.org','$2y$10$UOMoCVVeuNqmp/IsPqLb6u0GXSI8m60xwllS2C485xG8cRaRdXarC','(+62) 305 2046 497','img/default_user.jpg','2022-08-15 05:05:07','2022-08-15 05:05:07'),(70,'Kiandra Hartati S.Pt','Gabriella Nasyiah Store','Jln. Daan No. 22, Sungai Penuh 18699, DIY','fitriani.dabukke@example.net','$2y$10$v57DozdNjjnUL5KnwDik9OA/BFFqM3dOBYVSGnyWSKnFeSLyceFJ.','(+62) 392 4001 4725','img/default_user.jpg','2022-08-15 05:05:07','2022-08-15 05:05:07'),(71,'Wirda Septi Lailasari M.TI.','Kayla Riyanti M.Kom. Store','Psr. Ketandan No. 866, Administrasi Jakarta Barat 77606, Banten','balapati.lestari@example.org','$2y$10$R6F2.Bg4Hfwiz1hw.IIPQ.xxbnJoxPRO/TrugF78mfKnRy0DXFlUG','(+62) 353 1283 248','img/default_user.jpg','2022-08-15 05:05:08','2022-08-15 05:05:08'),(72,'Capa Hutagalung','Rahmi Utami Store','Ki. Baha No. 224, Bekasi 25572, Kalteng','qmelani@example.net','$2y$10$DRyyzrJWALTj6Dmveiwzm.oNXEsE3FpaqeFXWYAJ/sex3GjjorKxK','0248 6347 5879','img/default_user.jpg','2022-08-15 05:05:09','2022-08-15 05:05:09'),(73,'Kartika Nasyidah','Purwadi Karya Nashiruddin Store','Jln. B.Agam Dlm No. 949, Administrasi Jakarta Pusat 16823, Kalteng','tsafitri@example.org','$2y$10$eD9JeSaqDr26vaU3cc5QsuabGPj3GXyUBOxVHfxN9MNDGR2xa6lEi','026 3760 5880','img/default_user.jpg','2022-08-15 05:05:10','2022-08-15 05:05:10'),(74,'Rahmi Wijayanti','Warsa Prayoga Store','Jr. Sutan Syahrir No. 774, Tomohon 24769, Malut','ian65@example.org','$2y$10$KmDkJsdYhsfoC95HfMmbveDRgSMh1L3YexdgGf2QSM6kI/xXCyzAi','0570 1069 6862','img/default_user.jpg','2022-08-15 05:05:11','2022-08-15 05:05:11'),(75,'Wasis Tampubolon','Silvia Andriani Store','Psr. Bambon No. 641, Sawahlunto 94984, Bali','budiyanto.gantar@example.com','$2y$10$EXsOLh5Ffq6bUtGbLTZ4uuK7hB9Fi/X.SrqK6N/8LRkho/C4vQp4W','(+62) 528 3347 684','img/default_user.jpg','2022-08-15 05:05:12','2022-08-15 05:05:12'),(76,'Damar Wijaya','Jati Asman Marpaung S.H. Store','Dk. B.Agam Dlm No. 3, Tomohon 19433, Jambi','damanik.manah@example.com','$2y$10$X8wrqUX.YfDoSOOLRIPB4e88OGGb1ygC1oTr4gqqKpiPVYsUzdH9.','(+62) 514 0010 425','img/default_user.jpg','2022-08-15 05:05:12','2022-08-15 05:05:12'),(77,'Bakiman Dabukke S.Kom','Radika Kusumo Store','Ds. Babadan No. 491, Cirebon 61213, Kalsel','hakim.lintang@example.net','$2y$10$vPc14f5iTJPZ/Mmdi2l0yOzt/q8oVfJwu6jTk6GkT/sCDBNJVOPLK','(+62) 983 9173 749','img/default_user.jpg','2022-08-15 05:05:12','2022-08-15 05:05:12'),(78,'Rusman Jaeman Salahudin S.Farm','Samsul Kawaca Haryanto S.Pt Store','Dk. Eka No. 886, Bau-Bau 98161, Riau','chelsea.zulkarnain@example.org','$2y$10$UCuXjP920KiFWwYcc7wZDOvW03cQaqOjI3qkPMMmqLIaY0omEUxPG','(+62) 492 0402 5726','img/default_user.jpg','2022-08-15 05:05:13','2022-08-15 05:05:13'),(79,'Hartana Siregar','Elisa Yance Pertiwi S.Sos Store','Jr. Veteran No. 116, Jayapura 96466, NTT','patricia12@example.org','$2y$10$a4SoT7pZdhE.YV64q.vs2.D.KnTkNoiZPc3YHbouzhTtYInR67P/i','(+62) 270 1283 7845','img/default_user.jpg','2022-08-15 05:05:13','2022-08-15 05:05:13'),(80,'Ophelia Oni Wahyuni','Puti Hasna Usada Store','Jln. Elang No. 19, Bontang 82405, Maluku','yance.zulaika@example.net','$2y$10$iWZ.WyKedDytohDW6R6VCOloelq171RdXw4mW7PzqKggARl6Y3FHG','0381 8903 441','img/default_user.jpg','2022-08-15 05:05:14','2022-08-15 05:05:14'),(81,'Tasdik Yahya Mansur','Kasusra Saputra Store','Ds. Sudiarto No. 238, Pariaman 17801, Sulut','zelda.ramadan@example.net','$2y$10$agbqFHiKdY.V8e7RkUJ32uuExFc5l5dgZcrYIV.mtCn56nqRDQ.wO','025 4261 4025','img/default_user.jpg','2022-08-15 05:05:14','2022-08-15 05:05:14'),(82,'Kardi Wibisono','Puspa Widiastuti Store','Kpg. Teuku Umar No. 348, Gorontalo 45005, Sumbar','septi.palastri@example.org','$2y$10$JKg6FeBRCGNrZedHs.inbO4alKcXhQs7d8p5Tv25ZXaH2yTyMbT8O','0863 3076 2109','img/default_user.jpg','2022-08-15 05:05:14','2022-08-15 05:05:14'),(83,'Malik Haryanto','Alika Purnawati Store','Kpg. Salam No. 309, Depok 76122, Sultra','npurwanti@example.org','$2y$10$..Tn27C7Sw/Nu3qo/GFNEOiAgFNelxCl7alz4w3aZbjcW4laVQUi6','0873 368 298','img/default_user.jpg','2022-08-15 05:05:14','2022-08-15 05:05:14'),(84,'Maryadi Jailani','Cinta Melani Store','Jln. W.R. Supratman No. 911, Jambi 50916, Jambi','salimah.usada@example.org','$2y$10$jIDQ7QU9HiWoCEN38one6uEZyTeDuzf1WEaFRcOczmFouXFQcqd9W','(+62) 636 1405 7987','img/default_user.jpg','2022-08-15 05:05:14','2022-08-15 05:05:14'),(85,'Ulva Suartini','Gamblang Sirait Store','Ki. Nanas No. 97, Tidore Kepulauan 17766, Kepri','laras.astuti@example.org','$2y$10$pDhcTAO6BcqnwYjNqPc1luC4yyhUKbSLsyu3XWEN1jw5OcDwrMhS.','(+62) 494 9350 978','img/default_user.jpg','2022-08-15 05:05:15','2022-08-15 05:05:15'),(86,'Kiandra Belinda Zulaika S.Pt','Almira Aryani S.Farm Store','Ki. Moch. Toha No. 326, Solok 26434, Kepri','nurdiyanti.yuliana@example.net','$2y$10$rfbd5MOy.cYU9RTuoMHpO.tZmL812bvg9M3XOt5YD3uGAbBA/ZYlu','0755 6221 058','img/default_user.jpg','2022-08-15 05:05:15','2022-08-15 05:05:15'),(87,'Tasdik Eko Mansur','Dalima Karimah Hariyah M.Kom. Store','Kpg. Wahid No. 519, Palangka Raya 69415, Kalteng','ratih.namaga@example.net','$2y$10$aelOzMUWLlvQNZZ.NKZWqOWC6haEtcvtbBMBzVWQrXAJ4dHcxZ6TW','0355 4833 1629','img/default_user.jpg','2022-08-15 05:05:15','2022-08-15 05:05:15'),(88,'Maria Farida','Siska Nuraini Store','Jln. Sampangan No. 395, Depok 65862, NTB','gina.haryanti@example.net','$2y$10$zPfa9MlPvWqE0uukTQkvGuC3ah0UAt4ueR8Ej/9VICrnEbLFe/TKi','(+62) 22 8878 4775','img/default_user.jpg','2022-08-15 05:05:15','2022-08-15 05:05:15'),(89,'Nabila Oktaviani','Chelsea Rahimah Store','Kpg. Padma No. 873, Padang 23742, Jabar','usada.hendri@example.com','$2y$10$Q2jwU4N7cDiMXVTdNgGYu.EMvpatXduhrpDZjhwiy2LwN1yRba/v2','0319 9931 487','img/default_user.jpg','2022-08-15 05:05:16','2022-08-15 05:05:16'),(90,'Zaenab Wulandari','Hardana Tamba Store','Ds. Jaksa No. 623, Tebing Tinggi 63212, Sulut','krahmawati@example.com','$2y$10$y3XNgx2rKlhw9XwMKMdKeei3XLKz5hQDXOkFvilQf/yJx.CvBZY1O','0424 5371 9561','img/default_user.jpg','2022-08-15 05:05:16','2022-08-15 05:05:16'),(91,'Eli Kuswandari','Endah Rahimah Store','Ds. Dipenogoro No. 579, Cimahi 81405, Kalbar','yolanda.dadap@example.net','$2y$10$LLzanrTTs1wssnfvDN.xweD1ef7vRjbT6uR83.SG/YyvxIrRu4DC2','0403 7896 343','img/default_user.jpg','2022-08-15 05:05:16','2022-08-15 05:05:16'),(92,'Hasan Anggriawan S.I.Kom','Jindra Gunarto Store','Gg. Bakau No. 797, Palopo 19193, Kaltim','usyi94@example.net','$2y$10$heXJh9C6slrVnPItuk1orOGuohNhw1kTHfiAB1oj6NMy1.iNeJ3sq','0945 1901 9847','img/default_user.jpg','2022-08-15 05:05:17','2022-08-15 05:05:17'),(93,'Hadi Kusumo','Lala Usamah Store','Jln. Sampangan No. 763, Kupang 80927, NTB','qramadan@example.net','$2y$10$aMuzt45ijkepGOxwKNB1qObRLcf/haEeyEV9k9.VpndojE3EyEvLS','0804 635 774','img/default_user.jpg','2022-08-15 05:05:17','2022-08-15 05:05:17'),(94,'Sadina Siska Mayasari','Belinda Hasanah Store','Ki. Rumah Sakit No. 842, Pasuruan 22900, NTT','faizah.ardianto@example.com','$2y$10$pVpy0Dm5Hudbcmef8iko4uafp.DJQAi5mrAV3bU4Hg2qr1pQ09ivu','0917 7163 592','img/default_user.jpg','2022-08-15 05:05:17','2022-08-15 05:05:17'),(95,'Margana Waluyo','Jail Marwata Prayoga Store','Psr. Flora No. 414, Makassar 63366, DKI','prasasta.zelda@example.org','$2y$10$hBLa6ft9fcpxw9j8sQi3uurNaKQ2FFBlUYWOR1d7SeUSFEdenmtJO','0607 5711 5557','img/default_user.jpg','2022-08-15 05:05:17','2022-08-15 05:05:17'),(96,'Nasim Napitupulu M.Kom.','Kambali Permadi M.Farm Store','Kpg. Sukajadi No. 945, Medan 52135, DKI','prasasta.adinata@example.net','$2y$10$EuOBdjzFUXtevBMFtZ3cb.gogLfBYM75Dfqjlpa16nLFHmELR3h06','(+62) 764 1881 008','img/default_user.jpg','2022-08-15 05:05:18','2022-08-15 05:05:18'),(97,'Ellis Winarsih M.Ak','Diana Oktaviani Store','Psr. Bayam No. 971, Payakumbuh 62208, Jateng','xnatsir@example.com','$2y$10$HF.TyZngoB7pQS4j1/rf/ui0u/WwEaS4SrFXc4pjeEjPNWBx.FSnC','(+62) 640 1069 898','img/default_user.jpg','2022-08-15 05:05:18','2022-08-15 05:05:18'),(98,'Parman Anggriawan','Tantri Fujiati Store','Gg. Rajiman No. 522, Tasikmalaya 92330, Kalteng','gina.utami@example.com','$2y$10$awbB6.EPd3kAcXGOlekPpe7qMNrbnmnbRZyGsNdFTWpSFm9AibSeS','0771 7648 572','img/default_user.jpg','2022-08-15 05:05:18','2022-08-15 05:05:18'),(99,'Karimah Puspita S.Kom','Kunthara Firmansyah Store','Jln. Gegerkalong Hilir No. 852, Bandar Lampung 53461, Riau','trahmawati@example.net','$2y$10$OsYCRJLOsFDOzhr0OZzyYeaiLK1LQapfG91UXHU.zQBhqXs/SK2vW','(+62) 662 8726 803','img/default_user.jpg','2022-08-15 05:05:19','2022-08-15 05:05:19'),(100,'Umay Bagya Hidayat S.T.','Kanda Bagya Prabowo Store','Ds. Bayam No. 325, Bukittinggi 74415, Kalbar','zulfa.hidayat@example.org','$2y$10$E7w0ZTpBZB24UXE8Sc1emeccWrJLDv0dhaEa.Qx8exzp8QnuPIoWu','021 6742 0535','img/default_user.jpg','2022-08-15 05:05:19','2022-08-15 05:05:19');
/*!40000 ALTER TABLE `users` ENABLE KEYS */;
UNLOCK TABLES;
/*!40103 SET TIME_ZONE=@OLD_TIME_ZONE */;

/*!40101 SET SQL_MODE=@OLD_SQL_MODE */;
/*!40014 SET FOREIGN_KEY_CHECKS=@OLD_FOREIGN_KEY_CHECKS */;
/*!40014 SET UNIQUE_CHECKS=@OLD_UNIQUE_CHECKS */;
/*!40101 SET CHARACTER_SET_CLIENT=@OLD_CHARACTER_SET_CLIENT */;
/*!40101 SET CHARACTER_SET_RESULTS=@OLD_CHARACTER_SET_RESULTS */;
/*!40101 SET COLLATION_CONNECTION=@OLD_COLLATION_CONNECTION */;
/*!40111 SET SQL_NOTES=@OLD_SQL_NOTES */;

-- Dump completed on 2022-08-28 13:27:18
